l,model_seed,train_index,test_index,tau_f_nmse,tau_f_se,nmse,se
0.0,21673913.0,8454.0,4186.0,7.8624,7.8624,0.047398495488748124,0.04789925996099506
1.0,61471896.0,46750.0,2851.0,7.644,7.680400000000001,0.08963898487636641,0.049673753334146406
2.0,23998117.0,13851.0,4976.0,7.6622,7.644,0.03828607887022813,0.05805190891549594
3.0,79587975.0,44440.0,1149.0,8.372,8.335600000000001,0.04314680179164452,0.10728254894300694
4.0,43992383.0,72604.0,2570.0,6.188000000000001,7.4438,0.05740770404990066,0.047033170409712416
5.0,78099229.0,84091.0,1790.0,4.5318000000000005,6.3518,0.037270919612165034,0.043964144168418845
6.0,1945820.0,64032.0,1504.0,9.209200000000001,9.1546,0.04265761673856207,0.15687132492252115
7.0,76515192.0,3217.0,4781.0,9.682400000000001,9.646,0.041247265060175,0.12125457738613123
8.0,86855321.0,57564.0,630.0,6.2062,9.809800000000001,0.03939005284903592,0.03971091811564182
9.0,14587503.0,71876.0,4284.0,7.844200000000001,7.8078,0.04273093814540827,0.09216154158722252
10.0,25942968.0,74534.0,180.0,6.333600000000001,6.279,0.04566992966746164,0.07211686323865797
11.0,1994053.0,75890.0,3958.0,6.8796,8.6996,0.043535642642066004,0.04193572807726123
12.0,41310308.0,39469.0,3191.0,6.734,6.6794,0.048713984122371504,0.14482457545943675
13.0,4452445.0,72809.0,3064.0,8.1354,8.1172,0.048592419200180065,0.06546865660144358
14.0,39520040.0,86322.0,4166.0,3.8584,3.8766000000000003,0.05603819846886009,0.04907905743326236
15.0,22714399.0,27661.0,376.0,7.5166,7.462000000000001,0.04010785620015141,0.16685466588124934
16.0,31386933.0,64982.0,1325.0,6.2062,6.1334,0.04994848679279705,0.1410115327787212
17.0,53973490.0,31461.0,4646.0,8.0626,8.0444,0.0371183915715003,0.07326350811348491
18.0,38644114.0,45899.0,2481.0,0.0,0.0,0.0,0.0
19.0,51976196.0,90137.0,2201.0,5.7694,5.6966,0.048792250346847234,0.199828988000762
20.0,20048282.0,70464.0,2595.0,6.1516,6.0606,0.04092331987485427,0.44346027044957054
21.0,73378060.0,88826.0,2186.0,9.646,10.865400000000001,0.04353410014453571,0.04851411390139944
22.0,54674706.0,92332.0,4538.0,8.626800000000001,12.230400000000001,0.03757646245274202,0.04075661194163729
23.0,76941785.0,23257.0,3298.0,9.5732,9.5004,0.04760608383899033,0.12440216885624789
24.0,40133498.0,74296.0,2881.0,11.793600000000001,11.775400000000001,0.036557453116085666,0.07069127930996458
25.0,77969123.0,93174.0,4346.0,6.461,6.3882,0.049861888516756665,0.2726613032997253
26.0,91736089.0,6745.0,1285.0,2.4206000000000003,2.2932,0.03647074078923454,1.9401412972963865
27.0,3415768.0,54600.0,2748.0,7.7168,8.335600000000001,0.04115011280571301,0.04486890458147837
28.0,17694233.0,94110.0,794.0,10.5378,11.7026,0.032806689219372576,0.0351590551261402
29.0,41301108.0,67044.0,2082.0,7.8624,7.844200000000001,0.03974325984662215,0.05035938425003965
30.0,89651722.0,58486.0,2443.0,7.2618,7.2254000000000005,0.035197483556558315,0.11016843906455306
31.0,49005733.0,44889.0,3116.0,9.828000000000001,9.7734,0.040389197479195546,0.12637297577151027
32.0,48365349.0,60019.0,1963.0,8.372,8.8816,0.026161040296397604,0.03762298890015803
33.0,36593515.0,6945.0,3885.0,4.0040000000000004,6.4428,0.06422915902486476,0.04694728560096366
34.0,91890591.0,89695.0,1718.0,5.660200000000001,5.587400000000001,0.038132861983717056,0.12785839816180614
35.0,51987020.0,36055.0,2577.0,4.5318000000000005,4.4772,0.048721047317417554,0.12832183934328711
36.0,90127215.0,63936.0,1212.0,10.0646,10.0282,0.038334275946977,0.08539796504427483
37.0,82805722.0,21215.0,2275.0,8.5176,9.081800000000001,0.03485888344599595,0.04191508978774486
38.0,8627397.0,36525.0,1979.0,8.608600000000001,8.5904,0.04593152168372952,0.05569584410626179
39.0,94779229.0,14000.0,4953.0,7.28,9.1364,0.041790164493294396,0.04902728134068984
40.0,62297824.0,21607.0,4140.0,8.6632,8.645,0.041205100725185184,0.05105380221000647
41.0,94989988.0,51228.0,4231.0,8.9544,8.918000000000001,0.044242349486442296,0.08418660955047437
42.0,5917744.0,19406.0,1351.0,9.227400000000001,9.209200000000001,0.04356405368310187,0.07358611101366319
43.0,28492781.0,38331.0,33.0,5.969600000000001,5.9514000000000005,0.039633030137012054,0.05960017974193401
44.0,49616627.0,49400.0,4372.0,7.170800000000001,8.4084,0.05042959032739909,0.046360666649998876
45.0,37914467.0,77067.0,4851.0,6.643000000000001,6.5884,0.044573583200994873,0.12339774262140654
46.0,20909264.0,91260.0,3138.0,8.0444,9.9008,0.04250940333949672,0.04411675249166223
47.0,51436472.0,6151.0,287.0,9.4458,9.4094,0.04402849851543454,0.08607081179459632
48.0,94595246.0,85582.0,4595.0,6.9888,6.934200000000001,0.04711367417588423,0.14262556211184335
49.0,36729064.0,80225.0,4170.0,7.4074,7.389200000000001,0.04560794088747337,0.07424625293556696
50.0,47991246.0,48431.0,2039.0,4.695600000000001,8.281,0.04058094443037674,0.039156112663393555
51.0,54101101.0,69880.0,1639.0,6.715800000000001,7.9352,0.0434291124954033,0.04177041477321046
52.0,99983696.0,55052.0,4385.0,6.9706,6.9706,0.046067250306535926,0.04760248501535447
53.0,34997834.0,32425.0,4481.0,8.554,9.8462,0.04323081924385569,0.0449928628191834
54.0,96585339.0,68728.0,4984.0,8.317400000000001,9.555,0.04918553233201839,0.04856979225431606
55.0,29788711.0,40690.0,4329.0,10.2466,10.829,0.03998520965340095,0.047821967780595866
56.0,77785203.0,60762.0,2211.0,8.0626,8.0444,0.0385483422276915,0.06137894215231588
57.0,28041480.0,44319.0,4571.0,6.5884,6.5338,0.046551512635605766,0.12833197395076182
58.0,56910245.0,26611.0,4609.0,7.025200000000001,7.007000000000001,0.04756951011356532,0.05071779465527491
59.0,82466219.0,69797.0,300.0,9.1364,9.1,0.036342455921446234,0.09029135422515988
60.0,12747746.0,13893.0,4165.0,7.098000000000001,8.335600000000001,0.041565917692828115,0.036718675321755254
61.0,92385894.0,5360.0,1438.0,9.4094,10.0282,0.032673579605885086,0.04737381006873298
62.0,36315767.0,89493.0,1348.0,8.8998,10.0828,0.039835421060899275,0.03596832744637771
63.0,52883117.0,81956.0,919.0,7.553,7.5166,0.04565433562211003,0.08755051427018623
64.0,78857698.0,83318.0,4837.0,7.2072,9.0272,0.03670298408981998,0.044792344130882095
65.0,82933316.0,80357.0,2234.0,8.0444,8.026200000000001,0.04591749786940487,0.05458701871515962
66.0,46946988.0,40492.0,3117.0,9.7552,9.737,0.03722539336443069,0.06436705355682676
67.0,87104108.0,174.0,3724.0,5.551,5.551,0.04135205526786609,0.04981213304519129
68.0,21845435.0,44966.0,2069.0,6.734,7.9534,0.03054478719415643,0.03613093397172932
69.0,75055097.0,18437.0,1800.0,6.8978,8.099,0.03470637507931758,0.039922013673908546
70.0,39763274.0,95724.0,583.0,4.0586,4.0040000000000004,0.04112046045113087,0.09451488740413373
71.0,14580015.0,80612.0,3328.0,9.7552,9.7552,0.038932992996799656,0.04112674429431412
72.0,85331236.0,36580.0,1719.0,5.096,5.0596000000000005,0.049559559102100956,0.08706490287249483
73.0,5667596.0,67047.0,4914.0,7.9534,8.5904,0.038802884011702954,0.04210971053290978
74.0,64614496.0,98250.0,958.0,7.098000000000001,8.936200000000001,0.036145294521075816,0.036482946044359844
75.0,71275000.0,29697.0,2422.0,7.4984,7.462000000000001,0.04684899483236005,0.07599291655231746
76.0,63977460.0,43933.0,1051.0,10.0464,11.8664,0.03837327076299708,0.03532726872333694
77.0,11665057.0,4803.0,4926.0,5.1142,5.0414,0.04937033026064195,0.06518407215716832
78.0,19417619.0,90404.0,595.0,8.463000000000001,8.4266,0.04308494584337753,0.07752734881910242
79.0,42517849.0,92437.0,3356.0,6.0242,7.8624,0.04487713889929466,0.04954122917681984
80.0,80676679.0,4191.0,666.0,7.607600000000001,7.5894,0.03864608390404339,0.06496340149569474
81.0,43308985.0,16242.0,2569.0,8.481200000000001,8.463000000000001,0.042323769225473096,0.07335247122170543
82.0,65628581.0,39151.0,69.0,7.28,7.2618,0.03636668168021921,0.056511038824904526
83.0,84130706.0,31698.0,271.0,8.772400000000001,8.736,0.044980819950400444,0.08489083528616587
84.0,25103050.0,26619.0,1577.0,10.6834,11.302200000000001,0.03404971872760139,0.03924205371520933
85.0,36450380.0,74074.0,2586.0,16.198,16.1616,0.04838731086671878,0.10532111157170583
86.0,78508949.0,70958.0,4187.0,6.5884,6.5884,0.04489914813920008,0.048074370983563444
87.0,95370792.0,90221.0,2168.0,8.335600000000001,8.317400000000001,0.037306915668500154,0.0534972463048172
88.0,72969118.0,4045.0,2148.0,9.646,9.6096,0.04017210102861073,0.07713889229689469
89.0,36089355.0,5611.0,4431.0,9.4094,9.373000000000001,0.04725573445404302,0.08016902552107019
90.0,95004273.0,16640.0,2698.0,7.4438,9.8644,0.03337499613858437,0.042441331461231996
91.0,63344013.0,77148.0,1106.0,9.7006,9.664200000000001,0.03773533772109845,0.07795423549150181
92.0,27536850.0,71922.0,2118.0,8.626800000000001,9.9008,0.05593075257125474,0.04860687111366635
93.0,97469668.0,50445.0,4019.0,9.1728,10.410400000000001,0.04314887225154219,0.04403865204435726
94.0,2956507.0,56572.0,969.0,6.9888,6.9524,0.04236072829723578,0.09011263122855662
95.0,90423265.0,18523.0,551.0,6.916,8.1536,0.03576382984101101,0.048735022498821355
96.0,36916771.0,99336.0,1291.0,6.2426,6.188000000000001,0.03822159500439752,0.07119218991404581
97.0,73157482.0,41984.0,716.0,7.1344,10.137400000000001,0.033418017575654546,0.04086598560802528
98.0,62487265.0,40673.0,2788.0,7.625800000000001,9.4822,0.053619842250891205,0.0471992126688412
99.0,16289665.0,32401.0,3313.0,9.4822,9.518600000000001,0.08110435205296769,0.04842100775614575
100.0,62256796.0,41976.0,90.0,8.772400000000001,8.7542,0.049870969256954945,0.05655195321821635
101.0,56487786.0,35903.0,280.0,8.736,9.3366,0.02707089834800454,0.04811956210901991
102.0,5284691.0,15833.0,4097.0,7.1526000000000005,7.1162,0.041448067180867416,0.0730950992277125
103.0,71001131.0,52233.0,3924.0,7.607600000000001,8.171800000000001,0.023881294493047312,0.03876575604761414
104.0,70487809.0,62450.0,4631.0,10.574200000000001,10.5196,0.04791932967160576,0.09664215264327633
105.0,12957597.0,81309.0,2425.0,8.481200000000001,9.664200000000001,0.04391302318890439,0.0481359470968754
106.0,16757320.0,67502.0,1349.0,6.861400000000001,8.0626,0.030858825546366993,0.04664922559106053
107.0,8433445.0,2862.0,2197.0,6.1334,6.0788,0.03699775177044789,0.08037217991516174
108.0,57091377.0,34852.0,646.0,7.5166,10.5378,0.050005355902351036,0.049653288861204105
109.0,32179774.0,27794.0,2485.0,9.0272,8.9908,0.04328520699167924,0.07036619332985825
110.0,82540706.0,82948.0,1907.0,8.554,8.4994,0.0372596126387862,0.12483977796111188
111.0,28901650.0,22789.0,4986.0,6.3882,8.2264,0.040743252994602935,0.04259646591957623
112.0,69257461.0,22267.0,4960.0,9.919,9.9008,0.04790970788406794,0.06977402119323003
113.0,9266331.0,96379.0,1660.0,5.8422,5.7512,0.03347616235031815,0.24157052102300472
114.0,26253499.0,86051.0,4645.0,9.828000000000001,9.809800000000001,0.03790011283782252,0.05101253980072572
115.0,32714062.0,31261.0,818.0,7.9352,7.8988000000000005,0.037670276341067115,0.09059974943432521
116.0,13891076.0,23307.0,922.0,9.1728,9.1546,0.03639958652772374,0.0726699629936839
117.0,38637813.0,27599.0,1712.0,5.915,7.7168,0.02514661315924798,0.034160742473801416
118.0,88751301.0,27403.0,764.0,7.462000000000001,9.9008,0.03093420323487784,0.03798082723446667
119.0,95515645.0,97898.0,1900.0,7.4984,7.4802,0.04743243425028646,0.06899098563833582
120.0,28299317.0,77748.0,2504.0,6.4064000000000005,6.37,0.049326590600841054,0.0724766307415149
121.0,85755712.0,77458.0,2629.0,10.101,10.0828,0.042367908752073836,0.05909283002212747
122.0,17586327.0,71835.0,932.0,8.2264,8.2082,0.04451470673667383,0.05399036530383457
123.0,10240874.0,41714.0,417.0,8.1536,8.1354,0.044615244324729575,0.06219325103230925
124.0,9123255.0,82432.0,3417.0,7.1162,7.0434,0.04230021848464029,0.13883604335941221
125.0,9351233.0,22879.0,978.0,8.0444,8.008000000000001,0.0394856708622731,0.08731354278399132
126.0,66692359.0,95464.0,1693.0,4.7502,4.695600000000001,0.043012489044588854,0.19229872725743283
127.0,55340091.0,59777.0,4679.0,9.227400000000001,9.191,0.048616394967444555,0.08938018472769473
128.0,16638388.0,18352.0,912.0,7.8624,9.7006,0.03822362789376549,0.04232846445200553
129.0,48889251.0,76237.0,2847.0,9.1364,9.7552,0.05215293809578343,0.04858773230903363
130.0,30880596.0,46820.0,1129.0,7.389200000000001,7.3346,0.04990072375477365,0.1920376474189304
131.0,18975209.0,55953.0,2823.0,9.7188,9.7188,0.03628692606448787,0.04542401235423141
132.0,18774334.0,84319.0,3945.0,6.934200000000001,9.373000000000001,0.044885922789421974,0.04453155345188441
133.0,31600085.0,85579.0,1883.0,6.788600000000001,6.8068,0.06555590228528314,0.04944012145458449
134.0,75514498.0,88081.0,1321.0,7.4256,7.4074,0.04367891407797484,0.05029039815903662
135.0,38127666.0,91230.0,4447.0,8.2992,8.281,0.03746846907720495,0.06638199598819135
136.0,88891371.0,13941.0,4966.0,8.827,11.2658,0.03522353848213107,0.03695904744903335
137.0,46448715.0,3058.0,179.0,9.8644,11.0656,0.0430831529836727,0.04450823611823647
138.0,7982955.0,43400.0,4710.0,6.7522,6.715800000000001,0.040818067208323844,0.08090643338911156
139.0,72984379.0,13510.0,2161.0,9.0272,9.009,0.041087932227635855,0.06694500155331261
140.0,90549035.0,67054.0,2734.0,6.461,7.644,0.031586820333844697,0.03758801745934797
141.0,75749024.0,93035.0,4919.0,9.354800000000001,10.592400000000001,0.030210032561144497,0.03561041550808641
142.0,49309345.0,50215.0,2015.0,9.7916,9.7916,0.03750375435081367,0.046839733141749634
143.0,46478553.0,28903.0,1316.0,13.6318,14.196000000000002,0.028630273871934276,0.049534012583891146
144.0,81261019.0,85996.0,2304.0,7.9534,7.9716000000000005,0.0637149410616515,0.04702519762997539
145.0,6573974.0,48785.0,3680.0,8.918000000000001,11.3568,0.04056043555007961,0.04774902410364456
146.0,51814248.0,2395.0,358.0,7.28,9.1,0.029148028816263955,0.03555268137489991
147.0,87453610.0,75091.0,2714.0,8.372,8.3538,0.038495175899786675,0.05683167621498216
148.0,34818053.0,2620.0,4339.0,5.1324000000000005,8.736,0.037885412771805224,0.04671612403291217
149.0,58444196.0,58285.0,1881.0,10.2284,10.192,0.04951981496294813,0.10062806368206488
150.0,29212700.0,53260.0,2006.0,6.2244,8.0444,0.03983874003094339,0.035518324564433476
151.0,37709659.0,57916.0,4428.0,7.189,9.0454,0.05150384519385509,0.04969806780072525
152.0,83071349.0,83413.0,4207.0,6.5884,6.5520000000000005,0.040356845236633215,0.07680680017337083
153.0,91510899.0,22803.0,3589.0,4.986800000000001,6.8068,0.038888289988361205,0.04825794784520009
154.0,92520057.0,56079.0,3293.0,6.6612,6.6248000000000005,0.04160558436126522,0.0767566990318452
155.0,96741599.0,38637.0,4576.0,6.6794,6.643000000000001,0.046903036414823886,0.09201337401018622
156.0,81586675.0,2829.0,3022.0,13.013,12.994800000000001,0.04514379370115315,0.06932987383624395
157.0,7934556.0,85652.0,2142.0,7.025200000000001,8.8816,0.0543798678372079,0.04826527651270162
158.0,39921677.0,17329.0,405.0,9.3184,10.5378,0.03323290718247293,0.04318138153086463
159.0,82762993.0,42787.0,732.0,8.2264,8.190000000000001,0.04940940389029761,0.09534674280363564
160.0,45668950.0,68584.0,2870.0,14.2688,14.2324,0.04969780888031371,0.07348021049542475
161.0,32610854.0,8262.0,1394.0,6.825,9.2456,0.047397456316058795,0.04204549346797918
162.0,3732873.0,88183.0,2920.0,6.0242,6.0242,0.039505170701368365,0.04526975636677269
163.0,84987460.0,10077.0,2464.0,8.1172,9.973600000000001,0.0591230709800675,0.04425372387146254
164.0,5684919.0,85023.0,2098.0,6.934200000000001,6.8796,0.03877103845829727,0.13639852634655786
165.0,43302513.0,677.0,4507.0,6.006,5.969600000000001,0.03442190765502903,0.07330070365202111
166.0,81200687.0,68384.0,942.0,8.0444,8.026200000000001,0.042666749868650246,0.05716256278300797
167.0,43822558.0,46759.0,4703.0,9.8644,9.828000000000001,0.04268433871696625,0.08858525521301101
168.0,33475864.0,61997.0,3641.0,4.55,4.4772,0.0468060976640454,0.2018357584497849
169.0,24919061.0,92929.0,4284.0,5.824,5.8058000000000005,0.034981995546073716,0.05125041800244979
170.0,6948156.0,54799.0,1774.0,8.827,9.4094,0.04568277766360429,0.04940001764807143
171.0,708562.0,27278.0,2098.0,11.484200000000001,11.4478,0.0454661393770556,0.09352313533116371
172.0,98785476.0,61342.0,3327.0,7.1162,10.137400000000001,0.04742052867719474,0.04430500660858736
173.0,46539819.0,64245.0,3883.0,7.170800000000001,7.170800000000001,0.04889662460297299,0.047155940833170075
174.0,38959505.0,34619.0,3671.0,9.7188,10.9564,0.03604736101177536,0.037334908367422086
175.0,84289148.0,83039.0,4775.0,5.8604,9.4822,0.06212495153033896,0.046584580745940414
176.0,30905056.0,74643.0,2043.0,7.28,7.2254000000000005,0.0438274526730031,0.15751398653735993
177.0,47263384.0,61731.0,2185.0,8.7178,8.6996,0.04213985487037842,0.060721828559456854
178.0,48036529.0,93516.0,1001.0,4.8776,9.6278,0.03129126781528226,0.03784113509061672
179.0,66562608.0,96632.0,2394.0,7.844200000000001,9.0272,0.05058982648274729,0.04504056159941815
180.0,32688023.0,78487.0,3300.0,8.3538,8.317400000000001,0.03886364798731071,0.09166241565945855
181.0,98489628.0,4951.0,2109.0,10.2466,10.2284,0.04141117850881314,0.07402312027944434
182.0,1863283.0,67992.0,1014.0,5.9332,5.8786000000000005,0.049769612111262164,0.11508121562115094
183.0,12325585.0,4329.0,4942.0,10.410400000000001,10.4468,0.0712939113625525,0.049502115515924885
184.0,5046213.0,44989.0,4427.0,8.5722,9.7734,0.051703973944048534,0.04934709327159073
185.0,686569.0,52102.0,3815.0,7.371,7.316400000000001,0.04340241141332461,0.16142794733030646
186.0,32979040.0,34589.0,3917.0,8.2992,8.2628,0.04681427170469735,0.0921464634573954
187.0,15096566.0,78539.0,3802.0,7.3528,7.2982000000000005,0.034685796380117775,0.132488466480301
188.0,57947174.0,26600.0,83.0,5.1506,5.0596000000000005,0.04493377185855086,0.4042890985013
189.0,24553043.0,97693.0,4317.0,0.0182,0.0364,0.05198272604643365,0.006147993146037142
190.0,99735690.0,77747.0,3731.0,6.5338,8.3538,0.05009800580480051,0.04971348981606752
191.0,29629227.0,2286.0,1394.0,3.2942,4.5136,0.026966103694918774,0.0381106109658135
192.0,81897232.0,34411.0,4681.0,7.680400000000001,7.625800000000001,0.045565697226022786,0.11723440460405742
193.0,50307560.0,29571.0,4473.0,5.514600000000001,5.46,0.034139722461277305,0.08792343631410109
194.0,75123440.0,78198.0,131.0,7.625800000000001,8.8088,0.041510607371241445,0.041690863607427346
195.0,31658119.0,83626.0,1505.0,8.171800000000001,8.1536,0.036974680597223086,0.05329055526949175
196.0,10467406.0,52371.0,1691.0,7.4256,8.6632,0.04286428175159135,0.037450172222046545
197.0,35374834.0,31287.0,2988.0,11.302200000000001,11.2476,0.047973268719043616,0.1343581763779877
198.0,11792041.0,22560.0,1536.0,7.644,8.918000000000001,0.04588478253847551,0.041846983960261847
199.0,69297363.0,73662.0,3034.0,7.371,7.3346,0.03780012259672067,0.07496095097836024
200.0,76912083.0,27986.0,4052.0,7.7168,7.680400000000001,0.04479222462626357,0.11193982060858564
201.0,64413525.0,42595.0,3337.0,7.8078,7.771400000000001,0.04344892584330777,0.09944550790727452
202.0,2523014.0,71821.0,3316.0,6.333600000000001,6.260800000000001,0.04150316226566224,0.3124133831233224
203.0,47150085.0,16454.0,4817.0,7.8260000000000005,7.8078,0.03875791474160057,0.07183170098939205
204.0,57675035.0,98320.0,3008.0,6.6976,6.6794,0.03622915188695801,0.0697043987782842
205.0,64741195.0,11348.0,4664.0,5.8604,8.317400000000001,0.040448157008582564,0.04439248162942273
206.0,22216819.0,52558.0,4899.0,7.098000000000001,9.518600000000001,0.03852163746323366,0.04131097599389383
207.0,60598136.0,67395.0,1399.0,7.1344,8.3902,0.042848162221628384,0.04684351110438073
208.0,48546737.0,50369.0,594.0,8.5904,8.5722,0.04289309198508132,0.055422516875654304
209.0,31167061.0,95470.0,251.0,9.2456,9.8644,0.08358253420472395,0.04848033736162299
210.0,2253204.0,43249.0,3673.0,5.7148,6.934200000000001,0.04307038485419486,0.048486273796645864
211.0,89825846.0,98425.0,2267.0,9.2456,9.191,0.04592604874283572,0.12773842430667812
212.0,52500319.0,52403.0,2344.0,9.1,9.0454,0.047516946016881674,0.08691331330865311
213.0,73935345.0,15734.0,3074.0,7.9534,7.9352,0.04126296940075824,0.05988833273116958
214.0,64011902.0,49514.0,4461.0,3.64,4.914000000000001,0.033133644356213146,0.04131616110266092
215.0,70442346.0,42405.0,2473.0,6.6976,6.6248000000000005,0.03461581082661032,0.2174033799238506
216.0,52769215.0,40163.0,3178.0,7.0616,9.5004,0.05088112883119507,0.045181434268890194
217.0,69460883.0,48253.0,1879.0,7.170800000000001,8.4448,0.04072370775769659,0.045900472992832536
218.0,95365027.0,17986.0,3751.0,7.025200000000001,8.281,0.033886460363086054,0.04100480468805605
219.0,67378945.0,68868.0,3005.0,9.555,9.518600000000001,0.047936035977234205,0.07762029641283937
220.0,17584956.0,12872.0,13.0,6.333600000000001,7.534800000000001,0.04927328363108261,0.045700895216765194
221.0,93515891.0,184.0,3277.0,8.9726,8.9726,0.044652618298422556,0.045739216062718815
222.0,22567113.0,52638.0,2149.0,8.7178,9.955400000000001,0.03388283491047792,0.04072254697038179
223.0,17560007.0,67946.0,1880.0,5.9878,5.9514000000000005,0.04315893347933667,0.08389192873423736
224.0,3913057.0,50229.0,1513.0,5.7694,5.7512,0.042005698616152845,0.05238034320775829
225.0,80393676.0,73620.0,2719.0,5.7876,9.391200000000001,0.04137579604816035,0.041484961314075024
226.0,24237154.0,37915.0,2457.0,7.462000000000001,10.4832,0.03500365166419071,0.040206382248898935
227.0,28163394.0,66576.0,231.0,8.372,9.5914,0.03504286822345196,0.04266425762516755
228.0,66535816.0,10133.0,4596.0,6.9888,6.9524,0.03520940565339627,0.09025665127695114
229.0,22005830.0,94839.0,2101.0,8.790600000000001,8.7542,0.03824479045200884,0.080703514914449
230.0,54559593.0,9859.0,49.0,7.9534,7.917000000000001,0.0436840995976604,0.06002414087587395
231.0,45360038.0,60195.0,2884.0,9.682400000000001,9.664200000000001,0.042754505452251235,0.06189827028479224
232.0,43155625.0,41432.0,3799.0,2.7846,5.2052000000000005,0.044806748772928486,0.04298473820849474
233.0,39199762.0,6960.0,4825.0,4.2224,4.1132,0.045721554995238056,0.9539252022379059
234.0,79194744.0,1183.0,1572.0,9.7916,9.7552,0.04030592289733599,0.0809096915588853
235.0,54046185.0,40558.0,1591.0,7.625800000000001,7.5894,0.041499633578828646,0.09508520215641621
236.0,20271755.0,47547.0,2286.0,6.097,7.8988000000000005,0.03234086717251121,0.04322964186990114
237.0,86622477.0,47301.0,1143.0,6.934200000000001,8.190000000000001,0.039445364265935395,0.04471097075647162
238.0,27989312.0,13633.0,1028.0,10.101,10.0646,0.03847418974993767,0.07872356040420032
239.0,92010727.0,27639.0,1072.0,7.1344,7.0798000000000005,0.03532387274004245,0.10193423077825126
240.0,34231124.0,89781.0,2128.0,7.8624,9.1,0.0451551670962048,0.047702507631172446
241.0,45657769.0,54656.0,275.0,7.243600000000001,9.1,0.03372726269002372,0.03923208593009282
242.0,2247062.0,84174.0,1239.0,9.063600000000001,9.0454,0.04400268811476381,0.06967779426020204
243.0,35537160.0,45324.0,461.0,5.587400000000001,5.551,0.04767457757058348,0.07636667239108003
244.0,19149379.0,53724.0,4714.0,7.7896,9.0272,0.03356584661674694,0.038635501851213686
245.0,54420224.0,14322.0,1318.0,5.3326,7.7532000000000005,0.04269026706132131,0.041635565378142524
246.0,95304134.0,60873.0,4349.0,5.8058000000000005,5.8058000000000005,0.04642987019366214,0.046119289814780993
247.0,31391984.0,38828.0,3983.0,8.554,9.828000000000001,0.05621156825688245,0.045238769106745576
248.0,44694071.0,33687.0,3384.0,8.608600000000001,9.191,0.033503981871779595,0.04511671121166216
249.0,80092099.0,15006.0,4173.0,7.007000000000001,6.934200000000001,0.040180142573280425,0.21155521502414346
250.0,61479468.0,23835.0,2175.0,7.2254000000000005,8.4448,0.042651908011699824,0.04971818468394174
251.0,26090353.0,78088.0,1646.0,4.8048,8.4084,0.03872093149775205,0.04731440630174077
252.0,87924040.0,79643.0,4033.0,7.8624,7.8078,0.042505109960774196,0.13266415928636033
253.0,12059097.0,77332.0,4124.0,8.4448,8.4084,0.04223433594193848,0.10352110677894255
254.0,35080972.0,59948.0,4620.0,7.8260000000000005,7.8078,0.037968849237112995,0.062067810835078265
255.0,38947745.0,52021.0,628.0,8.9544,8.918000000000001,0.04329836097167137,0.09024217594990845
256.0,30250229.0,34821.0,4175.0,8.5358,8.481200000000001,0.04650952352597698,0.18639882762022297
257.0,74796912.0,61905.0,54.0,6.934200000000001,6.934200000000001,0.03706949612963733,0.04403008492451368
258.0,64146714.0,52559.0,1737.0,7.625800000000001,9.4458,0.031177463428512634,0.03780450677279113
259.0,82781353.0,18951.0,3350.0,7.735,7.7168,0.04013465724288935,0.06470406989079197
260.0,20321499.0,30625.0,1477.0,6.9706,6.9524,0.038871283500113846,0.07061032513355446
261.0,6259801.0,71792.0,4444.0,6.5156,6.461,0.03707150945354321,0.08257068980065904
262.0,35700431.0,99841.0,743.0,7.625800000000001,7.5712,0.0472061760393355,0.1388455818768393
263.0,29118612.0,65223.0,4958.0,9.4094,10.0464,0.03557072479421987,0.048256339058916714
264.0,32230594.0,45309.0,1108.0,8.8998,8.8452,0.04607918174752982,0.10034947684352999
265.0,17607303.0,21605.0,1156.0,7.5166,8.7542,0.05546557351813362,0.045331108877253716
266.0,7411148.0,36667.0,1784.0,8.1354,8.099,0.046926497363534936,0.10192675685700009
267.0,71819819.0,62867.0,723.0,11.629800000000001,12.230400000000001,0.03621833072955201,0.04137994215804086
268.0,33179844.0,93944.0,163.0,8.554,9.7734,0.03902928335354716,0.04760116206117692
269.0,68074986.0,40647.0,640.0,7.9352,7.9716000000000005,0.06853623019105969,0.04642073225566373
270.0,49462306.0,93712.0,4352.0,4.8776,4.841200000000001,0.04083505185229182,0.07320482552179576
271.0,88921542.0,77125.0,669.0,8.281,8.2446,0.04220515883118934,0.10164088722126174
272.0,25798871.0,57755.0,2188.0,4.0222,7.007000000000001,0.03679068857300537,0.04059466638975711
273.0,15039290.0,34004.0,4595.0,7.0798000000000005,7.0616,0.0402386160406914,0.05442684309159649
274.0,71318631.0,17853.0,1928.0,7.2618,7.2072,0.03963032616225338,0.11203523065561131
275.0,87988155.0,25253.0,4916.0,5.4964,5.4054,0.035447456900560524,0.06541044762140684
276.0,27644893.0,96361.0,4476.0,9.2456,9.209200000000001,0.036564944915349125,0.09917710671805466
277.0,25728236.0,71283.0,849.0,7.7896,7.7532000000000005,0.0477725245345406,0.11278182919234916
278.0,33677122.0,60571.0,2625.0,7.5712,7.534800000000001,0.04854780312688821,0.06632224909502267
279.0,26291869.0,18152.0,313.0,6.497400000000001,7.771400000000001,0.06862660308076154,0.04652726071872091
280.0,15557584.0,94026.0,2168.0,7.5894,8.171800000000001,0.033162315495435246,0.03788517851529658
281.0,48870738.0,13036.0,156.0,8.790600000000001,10.592400000000001,0.03534181774419221,0.046791336436713515
282.0,32886212.0,11318.0,4952.0,8.8088,10.0646,0.0586512087063007,0.049519752271636776
283.0,44005579.0,71235.0,3632.0,10.0646,10.6652,0.030907070701874352,0.03925488268669775
284.0,95768112.0,59453.0,4282.0,7.28,8.4994,0.03313546906713541,0.036425404657063815
285.0,65833566.0,90436.0,3431.0,7.2072,7.170800000000001,0.03965121671956667,0.08085751153763325
286.0,84124193.0,24551.0,1658.0,9.2638,9.9372,0.06397661257379324,0.049696577739186905
287.0,51920602.0,25124.0,1034.0,10.883600000000001,10.829,0.04015007849596429,0.16492109572330993
288.0,39024590.0,41336.0,3365.0,6.333600000000001,6.2972,0.04217385819344292,0.07899668875566848
289.0,66708089.0,86121.0,571.0,5.6784,8.1172,0.0338151346941436,0.04337416700807409
290.0,21077004.0,84415.0,2373.0,10.2466,10.2284,0.037171804311656016,0.06581285926372134
291.0,74675303.0,218.0,1709.0,4.768400000000001,7.771400000000001,0.033709505470444136,0.03598896259609885
292.0,7664673.0,9039.0,867.0,9.1364,9.1,0.041098764646333066,0.07774138909709291
293.0,27982294.0,77289.0,4182.0,6.2244,6.1698,0.04254910521854606,0.21627010750911857
294.0,33461481.0,4413.0,2608.0,9.191,9.1728,0.03863709577386904,0.06250892621948954
295.0,91052095.0,18863.0,527.0,8.4448,9.0454,0.03756443712450393,0.04667897757418696
296.0,56528141.0,4368.0,1561.0,6.461,6.4428,0.04848794930034678,0.05059002569072595
297.0,90633196.0,37571.0,2064.0,6.1334,7.3528,0.049859453661944345,0.04787134084867042
298.0,83152625.0,48841.0,3973.0,8.5904,8.554,0.04620595097024952,0.08747732127923648
299.0,92665335.0,19422.0,4988.0,5.8422,5.7876,0.04816662859857786,0.09012558615877539
300.0,17419775.0,65067.0,461.0,7.771400000000001,7.735,0.03863264477192925,0.08796291312442593
301.0,35119373.0,59387.0,3372.0,8.099,8.0444,0.04875244680110805,0.16587393834266334
302.0,11771008.0,21588.0,1407.0,7.5894,7.5712,0.04450994660839697,0.05200333112777253
303.0,99175096.0,10389.0,2208.0,5.660200000000001,5.587400000000001,0.04821296692985118,0.12358417553068046
304.0,53784128.0,44098.0,4933.0,8.4994,8.463000000000001,0.039906826868903796,0.10684145324892941
305.0,58374522.0,61702.0,664.0,6.9706,8.171800000000001,0.048262011418804436,0.04461838052246482
306.0,74549839.0,83672.0,214.0,8.317400000000001,8.281,0.04054487740688746,0.0903071159943891
307.0,57198720.0,83553.0,4446.0,8.4448,8.4084,0.04675835779343947,0.09658790702249305
308.0,51964893.0,29298.0,4455.0,9.7552,9.7188,0.044588048358033525,0.10889537230027335
309.0,80913798.0,16584.0,4588.0,9.464,10.0282,0.034190969269964774,0.04481591645659987
310.0,73258621.0,59463.0,487.0,9.464,10.6652,0.048550781676284904,0.04454848898427961
311.0,14401722.0,78728.0,366.0,7.9534,9.1364,0.03567777328279085,0.03495184213199668
312.0,98867680.0,31492.0,1955.0,10.0282,10.01,0.03619612260704207,0.07073559346117332
313.0,70404812.0,75524.0,1200.0,6.006,7.844200000000001,0.04415435771714738,0.04700582153676737
314.0,44273684.0,1045.0,4860.0,7.0798000000000005,9.5004,0.03551809461637677,0.03636188112978857
315.0,94132914.0,66501.0,1839.0,11.1202,11.0838,0.0366790970036115,0.08359686757117393
316.0,34584282.0,78390.0,4084.0,6.734,6.6794,0.035006676580038726,0.15102471808282433
317.0,7441500.0,19031.0,37.0,15.5792,15.542800000000002,0.04686988509764824,0.08193882009724317
318.0,92895197.0,11896.0,4971.0,7.371,9.828000000000001,0.05037316387064598,0.04584121212128142
319.0,25148574.0,63953.0,1872.0,6.0606,6.6612,0.035040626603358285,0.042304131217156864
320.0,48307262.0,48147.0,3066.0,9.009,10.2284,0.04385148714459515,0.03926496138201108
321.0,21525989.0,47957.0,1017.0,8.9544,9.4822,0.03006007974223269,0.0374479895349564
322.0,97758258.0,60194.0,4484.0,10.92,11.5024,0.04470418044730773,0.04824946012762832
323.0,91889065.0,90635.0,2278.0,6.6248000000000005,7.8806,0.036176275746037385,0.04691435444116673
324.0,35792725.0,34541.0,1337.0,8.0444,7.9716000000000005,0.04935172947717365,0.2190742384221403
325.0,69245625.0,7556.0,4459.0,4.768400000000001,6.006,0.04527030865987619,0.037090147851325625
326.0,97602262.0,81443.0,4502.0,9.737,9.7188,0.03780505522238518,0.06040561549981269
327.0,52766108.0,28988.0,4841.0,8.2628,9.4822,0.03999968380076638,0.044389171198999815
328.0,85296076.0,15397.0,2061.0,7.0434,8.8816,0.03636834322730962,0.04854054510487824
329.0,38488944.0,76174.0,1972.0,6.5338,6.497400000000001,0.04141098128704292,0.08888901330872309
330.0,19363358.0,69127.0,4318.0,7.771400000000001,7.7168,0.04272886445534757,0.13301284652268774
331.0,45649224.0,14307.0,2109.0,5.969600000000001,10.1738,0.04011909270156951,0.04869787576961493
332.0,94618729.0,41347.0,1907.0,8.481200000000001,8.4448,0.03637743563614828,0.08382786481887608
333.0,41881211.0,39314.0,3131.0,4.7866,8.3902,0.02920909756982141,0.03732767631290741
334.0,93203890.0,9325.0,2635.0,10.0828,10.0646,0.04822257123439406,0.05836971159058906
335.0,56481394.0,4089.0,223.0,6.2244,7.4438,0.047348197957960594,0.03973000329981552
336.0,72233543.0,3906.0,1599.0,6.0606,6.042400000000001,0.04072038169512768,0.061081120200086825
337.0,75190936.0,91592.0,2198.0,7.389200000000001,9.227400000000001,0.038670332863205086,0.048898881402899
338.0,16052204.0,56013.0,3052.0,6.37,6.333600000000001,0.03880871283362708,0.06532408787448904
339.0,78460318.0,83854.0,1080.0,6.2062,7.4802,0.052480591439945976,0.045930090365269904
340.0,90196371.0,95453.0,4773.0,7.6622,9.5004,0.03597054704829837,0.04314718499427509
341.0,45046124.0,59491.0,174.0,8.281,8.2628,0.040543726610808885,0.05714691381914864
342.0,38776348.0,48680.0,845.0,8.2264,10.0828,0.032436952900964225,0.03993439457703199
343.0,15276266.0,18299.0,1140.0,6.934200000000001,6.8796,0.04575161041175792,0.11042192432010776
344.0,78678576.0,80665.0,4271.0,7.2254000000000005,7.2072,0.03692162253928552,0.05802329696398532
345.0,97188210.0,74389.0,4989.0,6.2972,6.3154,0.05407706473841478,0.04989658940613078
346.0,90045350.0,73142.0,366.0,7.989800000000001,9.1728,0.03794954724154751,0.04579254558895924
347.0,17405097.0,13586.0,3685.0,8.1354,8.1354,0.0449805280106913,0.0474713306017367
348.0,38226991.0,45039.0,2172.0,7.8806,8.481200000000001,0.039939431980603735,0.040421637020323996
349.0,9660356.0,13648.0,687.0,8.317400000000001,8.2992,0.03927834045236711,0.05714743546730733
350.0,10598629.0,59974.0,3545.0,6.4792000000000005,6.4064000000000005,0.04378253587966339,0.2024378617212959
351.0,44645456.0,1434.0,3588.0,8.026200000000001,8.008000000000001,0.043849880371247714,0.0519747565335354
352.0,2359267.0,89492.0,4395.0,9.4458,9.391200000000001,0.0461251440746022,0.20660333717814547
353.0,48475651.0,53631.0,2158.0,10.6288,10.574200000000001,0.044569397115715476,0.1612443429026399
354.0,56640142.0,16285.0,2813.0,8.5722,8.5358,0.035435837964218966,0.0939051387296888
355.0,83420263.0,45477.0,37.0,8.8452,10.0646,0.031032650081698802,0.03652848987930897
356.0,504750.0,30392.0,1875.0,7.4256,10.428600000000001,0.03807475520338905,0.042388458759035276
357.0,52139760.0,78191.0,4477.0,7.7168,8.281,0.033354666423379344,0.03948621386412899
358.0,80108053.0,6056.0,3723.0,8.5904,9.1546,0.038798986183051665,0.04466744759080007
359.0,51509456.0,9046.0,689.0,9.0454,10.264800000000001,0.05597165603766213,0.049392233549834366
360.0,65401615.0,36002.0,2187.0,5.187,5.187,0.04118269334372464,0.04746716180003722
361.0,4770837.0,76214.0,3386.0,8.772400000000001,9.973600000000001,0.034249820457423016,0.03818197428436174
362.0,75019835.0,42304.0,4940.0,11.1202,12.357800000000001,0.035198887339038074,0.043008130427275706
363.0,79485700.0,80902.0,3889.0,7.098000000000001,7.680400000000001,0.02686493482955345,0.040415268485540445
364.0,78392877.0,18527.0,619.0,8.7542,8.6996,0.038439300869954486,0.18261254329366713
365.0,71002718.0,14349.0,587.0,5.6056,6.788600000000001,0.041660566155117054,0.04498604840196407
366.0,73831838.0,74916.0,1820.0,7.462000000000001,7.4256,0.039794915354852564,0.09945402934584331
367.0,66959982.0,77349.0,4479.0,7.844200000000001,7.8260000000000005,0.04663995980668721,0.05594701488813263
368.0,1583245.0,51203.0,3271.0,6.279,6.2426,0.043802375690313394,0.10542881471867908
369.0,75066890.0,43732.0,4573.0,5.9514000000000005,5.915,0.04441902402352644,0.059866877970019994
370.0,73603293.0,5524.0,4495.0,11.7208,12.958400000000001,0.04401429233856746,0.041715414722402026
371.0,80739716.0,13543.0,3153.0,8.0626,8.0444,0.04456902718526225,0.057867839965867904
372.0,55440630.0,90557.0,3559.0,6.6248000000000005,6.5520000000000005,0.03949492884529469,0.26517760679941926
373.0,54927682.0,24320.0,2363.0,4.240600000000001,9.5732,0.03610411064780159,0.04108580244550996
374.0,11515162.0,39725.0,4950.0,8.5176,8.481200000000001,0.04164486579794803,0.07563428085717985
375.0,92395110.0,30947.0,4364.0,9.227400000000001,9.1728,0.043618163144968136,0.15463399901375402
376.0,61486782.0,1312.0,4709.0,8.4994,10.3194,0.03816566019206623,0.03839367592185246
377.0,44013195.0,40505.0,3807.0,7.735,8.317400000000001,0.02660768205396924,0.034687439437104284
378.0,43046093.0,86533.0,528.0,7.389200000000001,7.3528,0.047594105726086494,0.09041160390014334
379.0,2045742.0,2586.0,1853.0,3.6036,4.186,0.017652826470650394,0.03376203816626365
380.0,81402518.0,43711.0,4366.0,9.737,11.5388,0.03691503667693832,0.038688732393921614
381.0,16264727.0,50711.0,2418.0,8.026200000000001,8.6814,0.03303727933466737,0.04529908694076812
382.0,48880704.0,21910.0,575.0,8.4266,8.4084,0.03785730079913302,0.051507354958339926
383.0,14947935.0,10818.0,2605.0,7.1162,7.0434,0.037686062576950216,0.20871875084448718
384.0,4351677.0,83856.0,531.0,7.316400000000001,7.28,0.03537259524493567,0.07610990505885233
385.0,33891310.0,83475.0,3521.0,9.682400000000001,9.646,0.03724075621665986,0.08408542340770006
386.0,59466484.0,70908.0,2254.0,8.2082,8.190000000000001,0.039175327901480386,0.06220706209681384
387.0,62108903.0,32541.0,2820.0,6.042400000000001,7.2254000000000005,0.030546253189383095,0.03527534690521514
388.0,60672827.0,37598.0,4720.0,8.008000000000001,7.9534,0.035190555200762155,0.13207939554171808
389.0,60919509.0,86415.0,1741.0,7.8988000000000005,7.8624,0.043771985811293164,0.11058261157846475
390.0,54882884.0,51776.0,4554.0,8.8088,9.3002,0.04027418297487907,0.04485673955659862
391.0,52927548.0,26870.0,3642.0,6.6066,6.5520000000000005,0.0419156974586502,0.12513458890229343
392.0,17488145.0,87020.0,904.0,9.4822,9.4822,0.042095258514218706,0.04730176140445294
393.0,88339602.0,8936.0,2729.0,8.7542,8.7542,0.0379380817445291,0.049090220401691524
394.0,99903012.0,44113.0,4295.0,6.825,6.788600000000001,0.040761336212065645,0.10770402545263397
395.0,64856130.0,92984.0,4126.0,7.389200000000001,9.828000000000001,0.038609435222892154,0.04366487408406086
396.0,72166404.0,62803.0,3225.0,8.4994,8.481200000000001,0.042046804790459,0.05591554722589269
397.0,6438629.0,7382.0,3545.0,6.4064000000000005,6.333600000000001,0.0499303093545448,0.20648374231306457
398.0,63469516.0,69069.0,454.0,5.7148,8.772400000000001,0.07176788940765308,0.049007222355201586
399.0,65765665.0,45821.0,3697.0,10.9564,12.1576,0.04420813539866325,0.03933260871108571
400.0,80263245.0,24668.0,74.0,5.6966,5.6056,0.040834761915980025,0.28334498383854034
401.0,30321751.0,61562.0,1580.0,7.3346,8.5358,0.05183893257536324,0.04933327282307343
402.0,87113046.0,81906.0,448.0,7.9352,8.5176,0.03568346346006232,0.049876130440020386
403.0,95306312.0,35136.0,424.0,11.6844,11.6662,0.04387276251330709,0.07350670935979536
404.0,12277019.0,58465.0,2941.0,8.645,8.5904,0.04463672221518111,0.11301827460743835
405.0,32015834.0,69961.0,779.0,6.424600000000001,6.37,0.04489265797079216,0.16764352074308386
406.0,7741748.0,32918.0,1534.0,9.0454,9.0272,0.04560983863687819,0.05090885508415901
407.0,4753471.0,59829.0,1940.0,10.0828,10.647,0.0337676134898046,0.03703122638468261
408.0,43218812.0,72773.0,755.0,8.8452,8.827,0.043076426770428444,0.05429996237636771
409.0,51898747.0,52891.0,1108.0,8.8634,8.827,0.03614613444123605,0.07861729090857533
410.0,25186217.0,18936.0,3607.0,8.0444,7.989800000000001,0.04757967694727905,0.11379316442991216
411.0,5893232.0,3681.0,861.0,5.2598,6.4792000000000005,0.027813511537168913,0.038888337843637676
412.0,55640541.0,52231.0,3862.0,7.2982000000000005,9.1182,0.04378415416492337,0.04317420798637568
413.0,25598944.0,67073.0,3661.0,6.788600000000001,9.227400000000001,0.030302046878941565,0.03752115999900267
414.0,37214617.0,18671.0,3704.0,6.6612,6.6248000000000005,0.038022473138754065,0.07383367654889968
415.0,7019945.0,26089.0,1560.0,7.389200000000001,8.5904,0.04776322077349621,0.04576400188003407
416.0,46492551.0,20040.0,1238.0,7.5894,8.8452,0.03571348740633534,0.04179924653240032
417.0,29294315.0,92901.0,312.0,10.7926,10.738000000000001,0.04850574010945115,0.13271858209977838
418.0,35311333.0,17601.0,2925.0,6.6976,8.5358,0.04182620400735122,0.04716982419545742
419.0,19247413.0,99811.0,269.0,7.2072,7.8988000000000005,0.06620706750054145,0.04741143526374132
420.0,79512025.0,1117.0,1045.0,9.1728,9.1182,0.03934271537689776,0.1727208581757672
421.0,52922071.0,51730.0,2704.0,5.7512,8.2082,0.05545025458272094,0.04435647616197705
422.0,27150948.0,57283.0,3523.0,7.680400000000001,7.6622,0.0349304840079023,0.05673338275665764
423.0,13902902.0,44851.0,4911.0,4.732,8.936200000000001,0.05437693432033736,0.04153725086691954
424.0,8486702.0,36550.0,1317.0,4.9504,4.8958,0.03682621872081357,0.16124760497294774
425.0,46404146.0,56321.0,2621.0,7.4984,9.3366,0.03648240296023887,0.03708147385927867
426.0,68017604.0,3681.0,1552.0,6.9706,6.9524,0.0462045727499498,0.06947717959674866
427.0,47386641.0,95751.0,4504.0,5.6784,9.282,0.044902024611266134,0.04982646513087411
428.0,33007214.0,3935.0,2849.0,7.680400000000001,8.918000000000001,0.03322300395727621,0.04173019178040494
429.0,660932.0,66068.0,2823.0,5.1688,7.607600000000001,0.07770332061602978,0.04965747989982285
430.0,48958752.0,49967.0,2675.0,6.333600000000001,6.2972,0.03925087367024607,0.08509638800336443
431.0,5813842.0,30633.0,1686.0,7.1344,7.098000000000001,0.049778403919953286,0.08262661900476695
432.0,58863377.0,52076.0,2551.0,8.936200000000001,10.1738,0.03262947215150916,0.04150070192443513
433.0,25962126.0,4112.0,2218.0,3.9676,3.8948,0.03623026912967248,0.07965772471241771
434.0,83340027.0,50185.0,2054.0,5.0232,4.9322,0.04714220898491134,0.49444789575903153
435.0,75431595.0,59957.0,2984.0,10.3012,10.2466,0.044913754335824715,0.10516878082323916
436.0,33206948.0,362.0,1548.0,8.0808,11.0656,0.028527576952720252,0.03945073915925125
437.0,36161794.0,86500.0,78.0,7.007000000000001,8.2082,0.027043333156498362,0.040898240256798925
438.0,49790170.0,19590.0,1883.0,6.8796,8.0808,0.024343658354534576,0.03560346137853126
439.0,82693863.0,90447.0,3901.0,8.1354,8.1172,0.037797218852655065,0.06993591543278202
440.0,20193676.0,47756.0,1338.0,3.7674000000000003,5.587400000000001,0.040923433919378444,0.04009470046630261
441.0,6756969.0,92787.0,1916.0,8.0444,8.0444,0.043824033856774705,0.0476977909229578
442.0,7924756.0,6053.0,601.0,10.0828,10.01,0.04243347918161146,0.32754618103906213
443.0,44271261.0,52666.0,1287.0,6.7522,6.734,0.04094166674842177,0.07247171647780415
444.0,39709611.0,21911.0,2163.0,10.0464,10.647,0.030138680416228816,0.03890688785842181
445.0,69723085.0,42186.0,4313.0,9.8462,9.7734,0.04170647765216137,0.13858419137103833
446.0,68176325.0,78427.0,720.0,8.8452,8.827,0.03541776445031562,0.05646340005399516
447.0,71265904.0,73781.0,4365.0,2.548,4.4044,0.030636177347171,0.039593939056477394
448.0,83854186.0,38879.0,675.0,8.5358,8.5176,0.03910911559591979,0.05064159091960666
449.0,27756517.0,17666.0,4379.0,7.9352,7.9534,0.05771764097738431,0.049850058364542774
450.0,84570568.0,68537.0,2910.0,8.8816,10.119200000000001,0.04343409816737209,0.047207538501486374
451.0,99181954.0,50394.0,2358.0,8.190000000000001,8.2082,0.05986895520583788,0.04678235031273967
452.0,59442882.0,23770.0,1585.0,10.2466,10.2284,0.037682810240034934,0.05740801418191721
453.0,96722469.0,15414.0,1578.0,7.098000000000001,7.0616,0.03726064846389575,0.07213238257199654
454.0,39033035.0,49489.0,4526.0,11.9756,11.939200000000001,0.04632012194590385,0.0811942100775454
455.0,87684081.0,78193.0,2370.0,11.629800000000001,11.611600000000001,0.049899621059009136,0.0549066671213039
456.0,12847607.0,35990.0,3845.0,12.066600000000001,12.012,0.039909648170985496,0.12893606291622342
457.0,40831377.0,50946.0,1530.0,9.2456,10.4832,0.03234755843154305,0.04498637726733582
458.0,90841332.0,99125.0,4444.0,0.8372,2.6754000000000002,0.041817552439406824,0.044431593164597896
459.0,20154576.0,49260.0,4989.0,6.3518,8.790600000000001,0.039784343922783835,0.04893373011226019
460.0,59530600.0,32767.0,2228.0,3.9494000000000002,3.9130000000000003,0.04261213314489523,0.08101928798031374
461.0,85854015.0,31798.0,1548.0,7.917000000000001,7.8624,0.04792874977777409,0.1070956400318427
462.0,12745418.0,4908.0,2611.0,8.2628,8.2264,0.04821956430913841,0.0843075471663199
463.0,76777214.0,93201.0,3245.0,1.9656,4.986800000000001,0.026068168540276538,0.03553706967359987
464.0,89268848.0,1554.0,1623.0,7.5894,9.4276,0.042972564341221334,0.03946872422101887
465.0,86558616.0,293.0,2967.0,6.424600000000001,8.8634,0.03916907908370708,0.04772561670490881
466.0,65907506.0,84016.0,1446.0,6.5520000000000005,6.5338,0.03586360599576052,0.05788897797369356
467.0,40522593.0,60484.0,1290.0,5.2234,5.1688,0.0387379135857768,0.13965182807508708
468.0,13767665.0,64999.0,4245.0,8.171800000000001,8.1354,0.0419993253969345,0.10129066423455654
469.0,47453461.0,70026.0,4460.0,8.626800000000001,9.828000000000001,0.035873938999741166,0.04175524891896309
470.0,93212482.0,7228.0,4443.0,8.4994,9.737,0.03954107580244771,0.042553730838829656
471.0,43790446.0,23623.0,1841.0,6.7704,6.734,0.043806213517093164,0.07327860077474739
472.0,36202974.0,2311.0,2784.0,7.553,7.5166,0.04125862345641243,0.061989334295560874
473.0,13260743.0,44348.0,1306.0,9.2638,10.5378,0.03729956377185146,0.04544348594419743
474.0,23679610.0,42722.0,920.0,6.4064000000000005,6.3518,0.036863068161393044,0.1224630937559158
475.0,49684217.0,38805.0,4453.0,7.5166,7.4984,0.04005965427342702,0.06014065894065559
476.0,21842917.0,87035.0,2247.0,8.1354,11.1384,0.037392416824931426,0.037146931785121705
477.0,95126021.0,32039.0,1538.0,8.5358,8.481200000000001,0.040606868288400655,0.10056594495038927
478.0,18383727.0,87206.0,3319.0,6.9888,6.9524,0.03844995320592366,0.08009897146711176
479.0,25321901.0,84934.0,4645.0,9.081800000000001,9.081800000000001,0.040992263051814894,0.042907810013211735
480.0,65522360.0,67151.0,1333.0,7.2254000000000005,7.189,0.04086534178824197,0.07451393040495846
481.0,11121500.0,52720.0,2752.0,7.735,7.680400000000001,0.03612572983943321,0.1335157310998211
482.0,42382238.0,60402.0,4493.0,7.2618,9.063600000000001,0.036516693458795095,0.04304137578155516
483.0,96627127.0,46145.0,1400.0,6.643000000000001,6.6066,0.037260170120469296,0.10866355671446673
484.0,93777663.0,32367.0,129.0,6.4792000000000005,6.424600000000001,0.042668762220417086,0.21445166084579237
485.0,40449790.0,2717.0,3033.0,7.1526000000000005,7.098000000000001,0.04886950902851817,0.09842278861411449
486.0,19987203.0,2376.0,4380.0,5.2416,5.2234,0.0391689279871546,0.05852338199630556
487.0,45754318.0,21414.0,1333.0,11.338600000000001,11.302200000000001,0.048852563559233904,0.09400968684199561
488.0,97197988.0,2364.0,2940.0,8.736,8.7178,0.04977944717897398,0.05555123269581451
489.0,49911819.0,88040.0,874.0,9.0272,9.009,0.04430481672745927,0.054838934095159
490.0,35072473.0,49951.0,310.0,5.7148,7.553,0.04761845195575011,0.04587626187099368
491.0,17642098.0,96381.0,771.0,7.025200000000001,7.0434,0.06222018768734522,0.048949094134114544
492.0,53981193.0,98288.0,777.0,8.6814,8.645,0.039868980113190094,0.08484590583522256
493.0,83258084.0,88962.0,3335.0,6.825,10.9928,0.036367446194464054,0.03662712205940776
494.0,37667631.0,9803.0,2618.0,6.497400000000001,6.461,0.03905526593594104,0.09731738886376592
495.0,54975572.0,79741.0,3880.0,8.4266,8.372,0.037588977547419786,0.13265549391497178
496.0,5327015.0,44738.0,4695.0,5.0414,4.9504,0.036701662102067614,0.4382352408206016
497.0,12934.0,3062.0,102.0,7.680400000000001,8.281,0.04287031039708858,0.04601494593061065
498.0,5132425.0,53846.0,2236.0,8.481200000000001,8.9908,0.038063833851301625,0.04814563377714849
499.0,79280299.0,92000.0,369.0,6.2244,6.188000000000001,0.047114115429020206,0.07291530010748876
