beta,tau_f_nmse_mean,tau_f_se_mean,nmse_mean,se_mean,tau_f_nmse_std,tau_f_se_std,nmse_std,se_std
1e-12,8.002904000000001,8.416408,0.04111002588913957,0.07527650453050666,2.077887711210594,1.9405351181912,0.0054297707350919305,0.03688831527483522
1.1799999999999998e-12,8.888152,9.645272,0.042052638366380284,0.06380600924720245,1.7437990406771844,1.7075900453368003,0.006909281945934646,0.04767052913377727
1.3599999999999999e-12,8.656648,9.364264,0.04076694169248382,0.08197084891424913,1.7534362732265654,1.8486676316742285,0.005609335872534155,0.08175318982475689
1.5400000000000001e-12,8.610056,9.351888,0.04496303768364422,0.07395130769481088,1.8096871751032924,1.678563020443379,0.01055782921918993,0.06962982159726645
1.72e-12,8.888152,9.47856,0.04575981728069282,0.06882380883597072,1.8515453746172863,1.6035119269902547,0.014395851027008648,0.03392311036708857
1.9e-12,8.214752,8.749832,0.03919057449039858,0.061741554669133523,1.2536427219374215,1.4310964487413138,0.009869642836305962,0.03030584379073948
2.08e-12,8.877232000000001,9.718800000000002,0.04313523283174293,0.07788268667105691,2.1644376303326465,1.9953639258708342,0.005951954163028229,0.04823362150220712
2.2599999999999997e-12,8.418592,8.907808000000001,0.042150545923360115,0.07409833588578328,2.4228117264038493,2.4288141506230296,0.006214952536508125,0.055356277602726864
2.4399999999999997e-12,8.505952,8.84156,0.042380985262466954,0.08684601809538472,2.2877942952984216,2.319690970079132,0.006929570098388634,0.07663092462451367
2.62e-12,8.006544,8.882328,0.04834976724784143,0.06332551288408038,2.0462925120975903,1.5353085345514976,0.01651104166128369,0.025640170949053017
2.7999999999999998e-12,8.045856,8.778952,0.0397431862256815,0.06984317960302389,1.868559825569771,1.6578648299142689,0.009698592568762175,0.03669117206639701
2.98e-12,8.246784,9.657648000000002,0.03976001138523886,0.06111604514471886,2.6987206462322106,2.4146965028618674,0.008991388824735023,0.034458308503045085
3.1600000000000003e-12,8.87432,9.45672,0.04200308452542289,0.07184149355167471,1.5629674969962317,1.5183371134237615,0.006079854456323176,0.034463063353969065
3.34e-12,8.530704,8.942024000000002,0.04176091586903147,0.09823681678150814,1.8173098718710576,2.0825134776034466,0.0052386141899079825,0.14927256182357665
3.52e-12,7.978879999999999,8.589672,0.04034016996414593,0.07961511189079032,2.0049140156126395,1.9103822557104462,0.006200194741875397,0.0648826636539054
3.7e-12,8.453536,8.875048000000001,0.041467205519794985,0.0803807893473508,1.7041485877313245,1.9911462664170778,0.006779333706244085,0.07093215849313962
3.88e-12,8.430968,8.9362,0.04429494483989032,0.08185774947417102,2.687579278012093,2.6693678028077485,0.008507796140545702,0.05884376001728225
4.06e-12,8.584576,9.688951999999999,0.039070270355830675,0.06210201244428369,1.924205131407079,1.551026239064532,0.007815773117971339,0.044061226092800394
4.2400000000000005e-12,8.337784000000001,9.220120000000001,0.041974548576305025,0.07108087801610069,1.6658661259937229,1.522032242321649,0.007952745604425906,0.05101074218470592
4.42e-12,9.421048,9.798880000000002,0.04452096147022079,0.06569409494300812,1.7169675247171494,1.657582756104,0.008223456281821195,0.02786906453695314
4.6e-12,8.363264000000001,9.498944,0.03967793533395682,0.08091088075916973,1.8036383651940873,1.8943446197563947,0.006228720768303912,0.08981739280059338
4.7799999999999994e-12,8.93256,9.546264,0.04141618539701227,0.08623034827574419,2.3068754272102923,2.0512856055979465,0.006611614672154961,0.07764067568490948
4.96e-12,8.023288,8.378552,0.04190767793505351,0.08736151861550362,1.8798250708332767,1.9238332648473813,0.00563093836530344,0.07020881354999525
5.1399999999999995e-12,8.714888,9.404304000000002,0.038970723868733396,0.06126723726933868,1.2872204383606307,1.1775920390355903,0.0051766506545586665,0.03194957861423429
5.32e-12,7.841288,8.658104,0.04467679454163225,0.082711224521514,1.9394509008823435,1.8752221718328024,0.0073323484739110404,0.052281219495857505
5.4999999999999996e-12,8.374912000000002,9.406488000000001,0.04095294807625626,0.06895366841778822,1.6879267816663934,1.3226934780716706,0.010402156427963879,0.05771605629842081
5.679999999999999e-12,8.890336000000001,9.530248000000002,0.04379283934424899,0.09829940933818508,1.9052360629941198,1.6954912653662755,0.006569674913394749,0.1829986276556977
5.86e-12,8.598408000000001,9.568832,0.04267273308481423,0.07571556563544006,1.64082093018505,1.4884021126474305,0.004902809306917242,0.04722250242827418
6.04e-12,9.070152,9.26744,0.04437638316731775,0.07557219131899137,2.4500127239669593,2.5052064758551675,0.01247042041721534,0.04002773779237073
6.22e-12,8.476832,8.840104,0.040680315381671724,0.0891516444824141,1.7503827330805874,1.6955778750620687,0.007695030073465626,0.05933897990082425
6.399999999999999e-12,8.327592000000003,9.132760000000001,0.04092585115390273,0.06195207128917707,1.611660098035563,1.8996127394813926,0.012233775896525457,0.02319038283639773
6.58e-12,8.181264,8.912904,0.042088039821742564,0.0653564077041752,1.8069868877222104,1.8181147168793652,0.008364774967103167,0.03817001263692193
6.7599999999999995e-12,8.6268,9.134944,0.040689888613999095,0.07976695561393038,1.899249428941163,1.8193395234901406,0.005234638198043361,0.06350527979193292
6.939999999999999e-12,8.206016000000002,8.636992000000001,0.039769126097040294,0.09746408237724047,1.774953542039904,1.8482268019915737,0.006178508200094822,0.06325102801713514
7.12e-12,8.713432000000001,9.377368000000002,0.044029559815585054,0.06987809829329339,1.8418250131142575,1.5739780480044823,0.009755665251983106,0.03554017463785734
7.3e-12,8.19364,8.79424,0.042519485507606695,0.08524371593661982,1.5730019696957365,2.010255705128081,0.006646757669700339,0.05198379635798293
7.48e-12,8.129576,9.115288000000001,0.04052248224516733,0.06614276929404006,2.1467111522202207,2.485858844262884,0.009660132163652252,0.0453635707522126
7.66e-12,8.1536,8.669024000000002,0.04022953910905464,0.06603659785009909,1.9641108556630233,2.198271462854395,0.007222526785438665,0.035792286641381184
7.839999999999999e-12,8.155784,8.694504,0.04024021141242844,0.07594691940211883,1.4969275955770207,1.6091613479490907,0.005437519155957411,0.055601814258441885
8.02e-12,8.377824000000002,9.011912,0.03880043193053612,0.06997678907677997,1.8017825352688934,1.638182663889063,0.005578479999725652,0.04094461196629508
8.2e-12,8.31376,9.144408,0.04223023700617184,0.08392066817188738,1.54225537120154,1.9712378467010692,0.01490093074870063,0.08037294102402616
8.38e-12,8.718528000000001,9.52952,0.03946615922489299,0.057120053781831076,2.2099981545090333,2.126604646692312,0.007473495183816801,0.023689256399129388
8.559999999999999e-12,8.931104000000001,9.268168000000001,0.042561518647413754,0.07673007654838411,1.7071296017194086,1.7260621953645439,0.005517344939117462,0.03453303278834944
8.739999999999999e-12,8.293376,8.635536000000002,0.040733877927405654,0.07895251082332501,2.391163718303984,2.2357505523649106,0.0051005383978556295,0.03904211715448111
8.92e-12,8.436792,8.898344,0.042843440043741826,0.08202919138611252,1.6804974377447488,1.5571987076371039,0.006536771413618542,0.04484035154283349
9.1e-12,8.033479999999999,8.856848,0.04232469141928083,0.07462399185337208,1.404744493967972,1.3355923396006733,0.006596274359424916,0.03635895362926685
9.28e-12,8.21548,9.389744,0.04481600897574553,0.0550859042656235,2.2919959802175343,2.0631924369125954,0.013287187322277079,0.024326888498155463
9.459999999999999e-12,8.71416,9.776312,0.0423456580847792,0.08008588490582091,2.124247469889827,2.046061559908043,0.014423675940577948,0.08213758574516435
9.64e-12,8.640632,9.452352000000001,0.04728355694398521,0.06323508850199291,1.7209130596672606,1.3520150249165133,0.01199527922912859,0.029469143066700374
9.82e-12,8.423688,9.447256,0.04451520570623296,0.08325086336708086,1.9656398823114403,2.2395179500062063,0.01799033736620068,0.06269720539678977
1e-11,8.825544,9.508408000000001,0.041789078740475126,0.0754404395378694,1.8943081908003603,1.6676941151182374,0.008424216379148353,0.06056356985027276
1.1799999999999999e-11,8.358896000000001,9.01992,0.041344275061675956,0.06464028061932012,1.9105559261813476,1.8000680227887687,0.005514747435219846,0.03348360153884378
1.3599999999999999e-11,8.454992,8.94348,0.04114427494263278,0.08875411387984178,1.526903712834135,1.7420816523152216,0.005262298513214966,0.14730941541852047
1.54e-11,7.660744,9.065784,0.04326966386245614,0.06990822383623,2.047519682868356,2.4282130980894845,0.014688477750087721,0.07152942875780774
1.72e-11,9.327136000000001,10.206560000000001,0.04276111283128316,0.0720490179846591,1.6860159506165218,2.0487668673293857,0.008508058594513783,0.04610979966595881
1.9e-11,8.049496000000001,8.926736000000002,0.04147466490232713,0.06778815189298511,1.841901744683105,1.6624641537188105,0.005746926765006326,0.043787351430582905
2.08e-11,8.283184,9.28564,0.04011861844252439,0.06390965880068407,1.863622235432922,1.9733995718049604,0.008460658971291878,0.051216253963256006
2.2599999999999995e-11,8.317400000000001,8.552544000000001,0.04390914979196475,0.07862173997164526,2.3573157291009337,2.4893610669674526,0.010442905650741009,0.03837015023485317
2.4399999999999998e-11,8.454992,8.825544,0.04270434093012737,0.07032150176451869,1.762560455209031,1.8924566771967772,0.008726134033639164,0.02757354510794414
2.62e-11,8.817536,9.192456,0.04486309516251124,0.07761048906621035,1.8956934551064242,1.822833354533541,0.014821358947934349,0.0502628857344387
2.7999999999999997e-11,8.366904000000002,9.35844,0.040308329735269946,0.06316638127988536,2.308577037282202,1.9651294961571024,0.007948630350656086,0.024831148312400957
2.9799999999999997e-11,8.59768,9.39484,0.03956655627732285,0.07026221393429478,1.3847756376636131,1.2823360609970118,0.006768933227796582,0.04014335782847305
3.16e-11,8.494304000000001,9.275448,0.040413488396339146,0.09416049074861103,1.8158891340240648,1.8628263832860719,0.0057647972426963685,0.16029666294745468
3.3399999999999996e-11,9.222304000000001,9.914632000000001,0.040976829800629916,0.07429915057556279,1.8559800440019105,1.9605610163760103,0.0060780084606891485,0.052493120052598125
3.52e-11,8.16452,8.661016000000002,0.043346131733987346,0.10091752701175338,1.8725300059901133,1.7701025958213086,0.007107531689981845,0.07087061588007329
3.6999999999999995e-11,7.692776000000001,8.519056,0.041091718304464495,0.07453407805396324,1.773704310494471,1.8170394854634653,0.006402278120967347,0.04634957901731002
3.88e-11,8.658104000000002,9.480744000000001,0.041825938118678824,0.07688558213887062,1.6089383322758728,1.5070684341020042,0.006557742990529922,0.04959693085006152
4.06e-11,8.891064,9.110192,0.046680488852025345,0.0857961776304564,2.256280848889754,2.071418536880785,0.011307422051138185,0.0681006780457078
4.24e-11,8.782592,9.624888,0.044831596646074716,0.07049813794791222,2.0743947177269164,1.9352834022264886,0.009899959629036323,0.03255660640612466
4.4199999999999993e-11,8.377824,8.789872,0.03993870585468954,0.08142887634260652,1.3628417960521562,1.3591683963365246,0.00713542935407279,0.1099977841198917
4.5999999999999996e-11,8.665384000000001,9.566648,0.04357617913442484,0.06949479723872998,1.9089211804227713,2.179951044006876,0.009173594553480236,0.034480130099082865
4.779999999999999e-11,8.523424,8.990072000000001,0.04177168123497481,0.07614392686445809,1.6073007935873938,1.7584556442894241,0.006894663532042233,0.038040024697734647
4.9599999999999995e-11,8.36108,9.301656,0.040004978801106664,0.08681770198483152,1.9590449339750569,1.7209021524770083,0.005411247912713284,0.08764873546545685
5.139999999999999e-11,8.756384,9.560096,0.04125264086833024,0.06635185143830412,1.5936290397705486,1.0933454655627686,0.006251521301519371,0.03229100572690447
5.32e-11,8.232224,8.928192000000001,0.03968758535823603,0.09113190781292964,1.462466735029097,1.6214187866186824,0.00641575135748237,0.06857732418266844
5.5e-11,8.71052,9.220120000000001,0.038865887818103725,0.06780408414163074,2.1341973737215594,2.2240705317053235,0.00665419439462527,0.03736914003617969
5.6799999999999994e-11,9.298016,10.249512,0.036989463826064085,0.05681834488097063,1.5121644629691133,1.4030012367302698,0.004098498844740594,0.021881739153162705
5.86e-11,8.759296,9.297288000000002,0.043077562999354335,0.2238167334529062,2.03046620600623,2.0232902700634265,0.007077470405035096,0.779290526538383
6.039999999999999e-11,8.784776000000003,9.294376,0.04260299721387126,0.08448280659544963,1.8619359059144152,1.7401531956698528,0.009402493160596576,0.053419372788197944
6.219999999999999e-11,9.772672,10.453352,0.04280477072283076,0.06260425376661036,1.6382568020917843,1.316986005088893,0.00666801031725352,0.027314259298986517
6.399999999999999e-11,8.435336,9.182991999999999,0.041025537005269105,0.09077515834072745,1.7339509746241388,1.8244163317620241,0.009390152978338345,0.08732849413958896
6.58e-11,7.951216,8.5358,0.042380791942860034,0.11791839570434298,2.1374756497014573,1.8426694838376922,0.005971118308821355,0.15599210435934524
6.759999999999999e-11,8.264984000000002,8.833552000000001,0.044109945995629396,0.07440269813067386,2.057648782729129,2.238130647273896,0.0114735473315823,0.06442323718304961
6.939999999999999e-11,8.275176,8.846656000000001,0.04047584854000775,0.0725529161546115,1.9723902405626192,2.2111372176024418,0.0067133864497107626,0.04950452699372622
7.12e-11,9.228128,9.914632,0.038250992332987725,0.06646691992170099,1.6775414986223145,1.4056115806295848,0.007269193699975667,0.051943359288083496
7.299999999999999e-11,8.358168000000001,8.794968,0.040724610076135294,0.09947193905885605,1.6654266327080676,1.4768684162556032,0.00497189613515296,0.10077865331643755
7.479999999999999e-11,8.34652,9.043216000000001,0.03986433160310452,0.09061906486629401,2.0437149458767485,2.1516084850796315,0.007400602287630909,0.11171817307269453
7.66e-11,9.366448000000002,9.573928,0.04148956277573429,0.08138612184659018,1.6632921484012764,1.5769058087279662,0.005626838510897143,0.02804483750452311
7.84e-11,8.960952,9.25652,0.04060372190201555,0.07079197170168065,1.7405271953060657,1.6935782119524327,0.0037088990242142316,0.029374925561898555
8.019999999999999e-11,8.487752,8.95804,0.04290075184170469,0.06919847999463158,2.6083891371751515,2.802534078294143,0.012647680308469172,0.04832987854871052
8.199999999999999e-11,8.976968000000001,9.600864,0.042096006795729314,0.07151098197091692,1.9249119388342593,1.6236817645092894,0.007434306711801528,0.03893756680414717
8.379999999999998e-11,8.519056,9.116744,0.04284280530714438,0.08125853919289501,1.9526793485874736,1.8612701411670474,0.007822069299071048,0.056128135132967376
8.559999999999998e-11,8.365448,9.014824,0.0421711352236947,0.07294204493844837,1.6820391030730129,1.651775088927061,0.00605553024295789,0.044141301218422614
8.739999999999998e-11,8.778952,9.259432,0.04143066957294002,0.07761661565592955,1.8516646369145795,1.8387951577776867,0.007099083265386656,0.043869969022209875
8.92e-11,8.855392,9.679488000000001,0.0415155901878606,0.08002238522252865,1.5955570923452829,1.4487462937312383,0.007547844055909761,0.05058811121133594
9.1e-11,8.909992,9.70424,0.03932654368853098,0.07564246808091583,2.075432380236305,1.3189455156803611,0.006391427727359967,0.04424859284564477
9.279999999999999e-11,8.769488,9.255064,0.043063134507495424,0.0787316568692133,1.8905577969477685,1.8701781926864618,0.007796807169790936,0.050780664476558685
9.459999999999999e-11,8.867040000000001,9.533888,0.04179387184707719,0.06720833931184578,1.90500336920087,1.845959766697711,0.008634983934667247,0.03473482950421634
9.64e-11,8.995168000000001,9.71516,0.040408224747967916,0.07056243007279024,1.9383375958795208,1.8830404642492418,0.005838554536521482,0.03309122982860922
9.82e-11,7.880599999999999,8.538712000000002,0.04159864836001858,0.09727573591166873,2.250682232124295,2.1700697324279696,0.005941255920058845,0.11359365565903837
1e-10,8.476104000000001,9.527336,0.043828004465744204,0.06296498799538772,1.9271852152124176,1.7007517785967474,0.012591859344785775,0.034134134668075675
1.18e-10,8.827728,9.28928,0.03938242664107211,0.09809208348691445,2.3532048691660203,2.3480351303448024,0.007552524353336552,0.10180007374937457
1.36e-10,9.015552,9.597224,0.04459383305205007,0.09057359844418113,1.9890449075540417,2.141748491552326,0.010247934157211355,0.06996559067125101
1.54e-10,9.056320000000001,9.841104,0.04218203665362454,0.07713694165680342,1.4041057213282295,1.437027252258402,0.00931631039971581,0.04565648531972096
1.72e-10,8.906352,9.973600000000001,0.04317157769193601,0.07297282217297404,1.5100506109399119,1.6760806782491107,0.007682774712484436,0.043652160811729714
1.9e-10,9.71152,10.082072,0.04296426411784831,0.0684973057102116,1.4505868122935628,1.6077022650146804,0.007652056741974451,0.04082469204304378
2.08e-10,9.297288000000002,10.117016000000001,0.04101230628823212,0.08097123030757697,1.446973256007173,1.9949718393334113,0.007450037003910655,0.04840257393815135
2.26e-10,9.914632,10.529064000000002,0.04103136495539747,0.07206113340723262,1.5195390613384485,1.404480372142428,0.0054873831766567085,0.050037924625514346
2.44e-10,9.933560000000002,10.365992000000002,0.04184810606709189,0.0754468327967763,1.524098325786977,1.4087775805995777,0.00990956729636978,0.03329285250870924
2.62e-10,10.202192000000002,10.941112,0.041142378406318784,0.06298202062691498,1.409933142008278,1.2937977071139573,0.008249616278401893,0.03207994538529617
2.8e-10,10.006359999999999,10.882872,0.04049878274067813,0.07430531445665807,2.262022787241543,2.180378989900609,0.006604735160688044,0.05656045295784321
2.98e-10,10.760568000000001,11.16752,0.04050204602914681,0.08315855307201632,1.715925432218234,1.687986634030811,0.006918986434579801,0.051829810370325594
3.1600000000000005e-10,10.91636,11.532248,0.04350392525105137,0.05873681730876621,1.1177823043866812,1.093324763096492,0.013230126309190406,0.02660475877468182
3.34e-10,10.569104000000003,11.35316,0.040196150673833295,0.08223914868967654,2.2664025761251394,2.4607943541330988,0.01238820686706614,0.07991306426939604
3.52e-10,11.27308,11.901344,0.04358717893261369,0.0783068010224056,1.8781820953606534,2.0336611373907245,0.007109589885669583,0.05144368288104743
3.6999999999999996e-10,11.333503999999998,12.223848000000004,0.048203924738075554,0.06878788187491648,1.4291589835983962,1.4132457232437206,0.018670590474443655,0.051075420370209776
3.88e-10,11.510408000000002,12.386192000000001,0.045137598246301654,0.07510766738115777,1.7918997604776896,1.459626762200986,0.011192983242645387,0.05403234793470976
4.0600000000000005e-10,11.267984000000002,11.534432000000002,0.046701672860276315,0.09038749984385261,1.213572033186878,1.2657429421489972,0.011600663690458134,0.08059459906803723
4.2400000000000004e-10,11.496576000000001,11.943568,0.04296720873064731,0.06078979988839654,1.1925944928599999,1.2639752590933102,0.011780846236938324,0.022270325275345615
4.42e-10,12.137944000000001,12.755288,0.04122513785167135,0.0721371317042425,1.7905192929426923,2.0077184904595895,0.006010752718265912,0.04466987136051811
4.5999999999999996e-10,11.111464000000002,12.042576000000002,0.04272703095099878,0.07423257163632524,1.9178497018970666,1.8860776877954948,0.007278714617003881,0.043247402012076025
4.78e-10,11.107824,11.883872000000002,0.04122634914223225,0.07319044078601829,1.60381073937461,1.925787916568177,0.004545561550678755,0.04098483238391429
4.96e-10,10.92,11.9028,0.04016841897107774,0.06431399147210501,1.473956564262778,1.6931543894951417,0.006551594114815067,0.035445424271228314
5.14e-10,11.388832,11.973416,0.043024808050607835,0.07925024698516522,1.5642675012925384,1.4946669895777234,0.009799765805407836,0.04913095949359147
5.32e-10,11.583208000000003,12.39056,0.041941500321524244,0.06499502622853688,1.5838103184830354,1.5880825398364324,0.006297675579639028,0.03647452174102643
5.500000000000001e-10,10.705240000000002,11.434695999999999,0.04117899143925856,0.07812526638259967,1.4484254013698235,1.6471378743343457,0.008525197697827233,0.04931947104709868
5.68e-10,11.027744,11.574472,0.04198915373734595,0.09605462930648476,1.5931405111916523,1.9557343214932512,0.0053658915867777,0.09252925365976858
5.859999999999999e-10,11.214839999999999,11.573744000000001,0.04003301708676366,0.08012108770267158,1.2305766398996312,1.4136366972222154,0.005651606429964931,0.042202355486236895
6.04e-10,11.058320000000002,11.441976,0.0406356293177292,0.07523502794699176,1.0005035132372102,1.0524406053233282,0.006289132838163202,0.043906148805254605
6.22e-10,11.175528,11.70988,0.04240717980195493,0.06600621929160183,1.4638416625213722,1.8656775525261597,0.014137692879952783,0.03543913912778913
6.4e-10,10.638991999999998,11.444888,0.038409831803533696,0.06396272993475781,1.2237958428321827,1.2244790839101067,0.0058678320796115456,0.031528308308035
6.58e-10,11.011,11.560640000000003,0.043328844976011124,0.1048504650609757,1.9458756495041851,1.913013938788738,0.009410408291402316,0.13586136211530142
6.76e-10,11.781952000000002,12.675936,0.044845990783316164,0.05641452292510683,1.7709332598755199,1.5674744056602656,0.012065813916073444,0.026846814878588008
6.94e-10,10.869767999999999,11.80816,0.04305385433254884,0.10343380461715722,1.8314774333672077,1.7358672395472334,0.007549247695847182,0.09416621490417325
7.12e-10,10.705968,11.212655999999999,0.042058584321545654,0.07619969778007903,1.1577436628776396,1.1175590417214356,0.005945794830287482,0.040779183735329044
7.3e-10,10.874864,11.700416,0.041996560492701195,0.07511582518708967,1.8693366985109985,1.8829328647263734,0.010954247055929428,0.04679211829907875
7.48e-10,10.94912,11.556272000000002,0.04018874430218762,0.07329775042653909,1.7783535934491017,1.65719536756131,0.004887735356493957,0.04393747345331947
7.66e-10,10.89452,11.508951999999999,0.03869596399581609,0.1806565568541968,1.9212712857202996,2.224863960844947,0.006252509152422563,0.44258135626385303
7.84e-10,10.858120000000001,12.421136000000002,0.04120513820083556,0.05236804713514241,2.1054392669147846,1.6098610734263172,0.006862903316750405,0.01672166600181904
8.02e-10,10.411856000000002,11.525696000000003,0.03934992619341733,0.07273853045695909,1.349348458232096,1.7124652639980757,0.006480813421140319,0.0529150445525755
8.2e-10,11.249056000000001,12.004720000000002,0.04065599144004773,0.06560939015299763,1.458225145533661,1.5000653752420257,0.009956006129111246,0.03814601272084061
8.379999999999999e-10,10.713976,11.517688000000001,0.044974450108645,0.08200291013915288,1.511282528538813,1.2486765208011246,0.015668212270839848,0.057194519218193414
8.559999999999999e-10,11.392472,12.027288,0.041619926176832474,0.06924622106525288,1.7069837471204388,1.8431239233793624,0.00709135857042402,0.04680655239882316
8.739999999999999e-10,10.759112,11.709152000000001,0.04627119298443203,0.0683043997911011,1.2723704912223224,0.9143406609501007,0.017195618782087627,0.03476305691975514
8.92e-10,11.637080000000001,11.878048000000001,0.042628543588774596,0.08213100001828774,1.6710913868886204,1.8798559069602474,0.005445392551827578,0.051150842473152346
9.1e-10,11.460176000000002,12.236224000000002,0.04110168694225199,0.05914631473872807,1.900242700569237,1.7204513684108211,0.006574573375423851,0.025232727862961338
9.28e-10,10.920728000000002,11.586120000000001,0.04395925952839502,0.059761663832521704,1.3112157969863947,1.2338136933913484,0.009138983811045047,0.02375751605292995
9.46e-10,10.646272000000002,11.199551999999999,0.03967136755278936,0.08125056907154023,1.3569935947773177,1.4921214252198112,0.0069636294087326725,0.05519272704502142
9.640000000000002e-10,10.858120000000001,11.831456000000001,0.044304028682696714,0.08090159331541404,1.6294760620109363,1.7562993713297665,0.009928063041851128,0.052555463687799835
9.820000000000001e-10,10.843560000000002,11.805976000000001,0.04225232843454735,0.05921118660860729,1.337576184746125,1.793859990188755,0.008206091211060234,0.02835481031010504
1e-09,11.182808,11.907896000000001,0.0422739671983102,0.11953014179393832,2.245261449126434,2.6179205431792614,0.008117267642018337,0.2206456762418753
1.18e-09,10.820264000000002,11.205376000000001,0.04293943118508631,0.34057965249028743,2.107752783353241,2.3793424128807805,0.010413849158191744,1.2368633673608906
1.36e-09,11.472552,12.065871999999999,0.04172707196834374,0.0700057380660471,1.6937402145153984,1.6704510208124437,0.009137310180025832,0.03281454825963215
1.54e-09,11.045216,11.485655999999999,0.043139042381488156,0.07925745070178959,1.6383902424025842,1.6829499750141115,0.007920399571685275,0.06769824928159592
1.72e-09,10.471552,11.134760000000002,0.04333969103286037,0.07881151147280864,1.2768987355829489,1.4427255294522703,0.009017551081067325,0.06622427090858915
1.9e-09,10.735088000000001,11.398296,0.041859732850833935,0.06585268325243476,1.531439970615891,1.835325997491091,0.006705184758759649,0.03699914341750494
2.0800000000000003e-09,10.496304,11.467456,0.04127841022177557,0.07239436296874718,2.0656433413668815,1.5820651193087258,0.006175032827902786,0.035499409443555195
2.26e-09,10.167248,10.990616000000001,0.03973422947287311,0.06848805754391275,2.002488582805571,2.002629455590824,0.008185203696740808,0.03633983102279074
2.4400000000000003e-09,10.593128,11.37136,0.04278391100166788,0.0693824318325193,1.3624139592160187,1.3046154733611484,0.0073614548920208946,0.0526032273983105
2.6200000000000005e-09,10.648456000000001,11.648728000000002,0.04105788013610872,0.06070764655782381,1.263534481154617,1.3652070598508739,0.006322469381625998,0.023912815043962164
2.8e-09,11.086712,11.752104000000001,0.038027500759937015,0.08310574125489736,1.1318156476505645,1.2719239418036492,0.006216126236165315,0.09392176838527738
2.98e-09,9.916816,10.61424,0.044712793808771405,0.08892182314929091,1.8444985424409168,1.9177624792102559,0.013706511727292793,0.0877234660054863
3.1600000000000003e-09,10.698688,11.112192,0.043038899714197464,0.07525514025899314,1.1349574090099885,1.2053416327332263,0.008170302457608244,0.038164690725597555
3.34e-09,10.076248000000001,10.717616000000001,0.03988956152834883,0.1020313193160548,1.5399437189715734,1.5842567720332883,0.0051772430120053834,0.08841157614475921
3.5200000000000003e-09,10.529792000000002,11.214112,0.03855421088839113,0.0566957655125748,1.700175188502644,1.5886445596587466,0.007323624888475365,0.021442186634911115
3.7e-09,9.870952,10.804976000000002,0.04191939469960801,0.0738932420507694,1.6707517392678861,1.692092085082842,0.005593708249144932,0.05610493927256423
3.88e-09,10.489752000000001,11.288368,0.04243832879805763,0.0794830925216245,1.7560947272095926,1.5811607230976448,0.010722691414036025,0.07029790667660868
4.0600000000000005e-09,9.852752,10.771488000000002,0.04434327226927047,0.07083697697989413,1.6680565600722295,1.058207538056689,0.018692194348478013,0.041288910423878965
4.24e-09,10.742368,11.141312000000001,0.04375180646568728,0.06308252405262321,1.7935796048498474,1.6459154009041088,0.0071098180245859005,0.026957831447367027
4.42e-09,9.896432000000003,10.871952000000002,0.04176164127499716,0.06641051275018797,1.3959162709847606,1.111254701197405,0.006130274014132047,0.026974369447258423
4.6e-09,10.783864000000001,11.265800000000002,0.04205601724591143,0.08682065299456962,1.569067307585412,1.7111468620002594,0.007478119575227976,0.07397288725037833
4.78e-09,10.092264000000002,10.815896,0.040699818499160684,0.07607966643979452,1.4162235401705956,1.3151260055219043,0.007755312409069561,0.04255274362613627
4.96e-09,10.080616000000001,10.895976000000001,0.04127042532562529,0.07256161586185136,1.363414870732065,1.6010545965290088,0.009651086716779396,0.05583780875688511
5.14e-09,9.815624000000001,10.525424000000001,0.04341222463877568,0.07333882034216062,1.4702506275235303,1.3687432585161223,0.011758511773179593,0.04061031225612684
5.320000000000001e-09,9.854935999999999,10.461359999999999,0.04116563998474036,0.08028851149267513,1.3757675224155186,1.2355575057438646,0.0059741759899930285,0.052556983596283434
5.5000000000000004e-09,10.026744,10.644816,0.04062431562125343,0.11621978093364353,1.6204126856246635,1.4738565567019517,0.005731726215655492,0.19050550320791612
5.68e-09,10.491936,10.981152,0.04268557855417128,0.06706367771862094,1.0771253481992393,0.9956204050406628,0.004449238832350067,0.03274765927715249
5.86e-09,9.888424,10.874864,0.042712502235433616,0.07992679445078812,1.5343395194893037,1.5350535709653046,0.009320323005219218,0.06180133779457888
6.040000000000001e-09,10.773672000000001,11.449256,0.039577373207472136,0.08021281647706179,1.8076005687835648,1.660477143795321,0.007332827046013344,0.048089236843168605
6.2200000000000004e-09,10.216752,10.679032000000003,0.03997640851098731,0.06935807708561502,1.0980986754082407,1.1010032299074632,0.006846641960216945,0.03228940937033346
6.4e-09,9.899344000000001,11.082344,0.04320342465658217,0.06651575241271324,1.7131936906646992,1.4756683757086704,0.009544264103182522,0.03130074871433643
6.580000000000001e-09,10.043488000000002,10.671024000000001,0.040000689824191124,0.08406100401005306,1.1439690556420952,1.281213213221489,0.005866389745580643,0.08576011076389739
6.76e-09,9.956128,11.036480000000001,0.04187707542746326,0.059499039019319064,1.4998765647879164,1.1994292503798076,0.005830369705898316,0.024779221737513655
6.94e-09,10.401664,10.96368,0.04380094760884292,0.0748636442804319,1.5823721683177654,1.2692461305830323,0.009976881386532882,0.03573379949387639
7.12e-09,10.381280000000002,10.701600000000001,0.03968782702983706,0.08674834929519733,1.474499558042208,1.646136089959353,0.0066228978295282724,0.06535696260740086
7.3e-09,10.349248000000003,10.820264,0.04443418444525204,0.14887410654881486,1.6132589916893896,2.053457696764168,0.010260996627903226,0.193548913634167
7.48e-09,10.06096,10.624431999999999,0.03883576898344144,0.07330379612489885,1.7363919181260126,1.709284921324314,0.005704416714839821,0.05504633846512921
7.66e-09,10.856664,11.17116,0.04208807598946497,0.07645236856245262,1.7058727734115078,1.7908898644714777,0.006959891734480117,0.04293456218237474
7.840000000000001e-09,9.546264,10.382008,0.04074682915905946,0.07731577091173426,1.7992867084116044,1.8058328839993287,0.008107725287494804,0.053764797329601856
8.02e-09,9.939384,10.510864000000002,0.04356970936584997,0.07443395675968373,1.2348795000862771,1.3656481705524792,0.01153068621238763,0.06730093257728124
8.199999999999999e-09,9.811984,10.677576000000002,0.04067388787046031,0.059710730822360246,1.3356382206271273,1.313805126746987,0.0064906283373053365,0.023580948572637792
8.38e-09,9.991071999999999,10.354344000000001,0.04016101639001702,0.07870375296030531,1.6163324945484863,1.790395957621293,0.0049695674980498716,0.03993194839541552
8.559999999999999e-09,10.339056000000001,11.040120000000002,0.04121371060776258,0.07852708320394475,1.4987667769647595,1.5123623254145593,0.0051558112090101344,0.04858961203620549
8.74e-09,9.816352000000002,10.386376,0.04182640677743128,0.07908446737689116,1.92551125962258,1.8126118809791212,0.006750084550680975,0.058699166903313525
8.92e-09,8.814624,9.680216000000001,0.040584744085198146,0.11300276144808334,1.8533323117383276,2.0067671363995707,0.005907361959747407,0.20823776847447864
9.1e-09,9.764664,10.607688000000001,0.04146446585488389,0.0753109999960049,1.6900059799894198,1.452371403464004,0.00871542401135267,0.04775427217578013
9.28e-09,10.034024000000002,10.622247999999999,0.044701618100776254,0.059469536214055804,1.3550112881694631,1.177373553408886,0.01376054674997198,0.020372561541883025
9.46e-09,10.086440000000001,10.526152000000002,0.04421406761851472,0.0851706624588264,1.2176557176257448,1.3014896225479484,0.013839345480171482,0.056132183714498435
9.64e-09,10.044944000000001,10.638264,0.04101322072709469,0.07497736990230865,1.2134082543535516,1.25725120497059,0.00650082895216124,0.0750730133864272
9.820000000000001e-09,10.244416000000001,10.835552000000003,0.038192432650308854,0.050604345279094486,2.0153389052630004,1.9234099496120602,0.01262200441183896,0.0213800598108756
1e-08,10.211656000000001,10.743824,0.04164628247752093,0.07838649331956682,1.9889896736115382,1.9429421344274085,0.006393681437417898,0.043116249326481414
1.18e-08,9.868768000000001,10.226944,0.04128519892564578,0.3056010721834597,2.3040335028524797,2.3474115130784665,0.004920319801399077,1.1346080730567556
1.36e-08,9.742096000000002,10.156328,0.04229023959787916,0.07835551220544369,1.5886692325339467,1.64447919301725,0.01305207990875227,0.05774081339852159
1.5400000000000002e-08,9.097816,9.841104,0.041517646690970744,0.15815915790872007,1.8765082617457352,1.9876263801496163,0.008034036626259069,0.31077413699221534
1.72e-08,10.502856000000001,10.87268,0.04253876028709939,0.07138729931146558,2.1936532303594998,2.108072827647723,0.008509646690055099,0.03763770688445252
1.8999999999999998e-08,9.712976,10.197096000000002,0.041444982424315296,0.08037420777032052,1.6471060331381224,1.8516917680146807,0.005551715000572299,0.04897401766175001
2.08e-08,9.280544,10.178896000000002,0.04178562467004861,0.08263324387391181,1.145238042970398,1.3305569286580716,0.007061144545767575,0.07363704696621033
2.2599999999999997e-08,9.730448,10.40312,0.043819841957698974,0.08087981146508685,1.444903872558079,1.4881584033070316,0.01179191872819896,0.10147476575453364
2.44e-08,9.466184,10.240776,0.04364286819075413,0.07171748794835563,1.8309426141744582,1.4149131520108695,0.007409459320475362,0.04008169357932951
2.6200000000000003e-08,9.27108,9.924824000000001,0.040231627723966545,0.07342501656042423,1.6297132048308378,2.0887669890152902,0.0067279697507015256,0.04997628207258751
2.8e-08,8.939112,9.870952,0.040109636742483516,0.09378499151824105,1.7237289723928952,1.5376386444588774,0.005467539063629448,0.09202365572379691
2.98e-08,9.323496,10.106096,0.042005295492708504,0.09572330149683804,1.772005624633662,1.8513637830169054,0.006318351229761277,0.08809809063538199
3.1600000000000005e-08,8.992256000000001,9.916088,0.04278997603539835,0.08752879100161334,1.1079590388337168,1.3767458941044035,0.010621328246546609,0.08798002869430221
3.34e-08,9.474192,10.252424000000001,0.04197526520254179,0.06997493269609623,1.436513905815047,1.4892405092529548,0.0059279823310838566,0.031448197898749676
3.5200000000000004e-08,9.484384000000002,10.123568,0.04595939352923015,0.06806311965186825,0.9764928979431101,1.055041300423827,0.01751556943582097,0.028371686841834463
3.7e-08,8.999536,10.395839999999998,0.04185609889612298,0.0901089263949292,1.9006305109270096,1.9589110725094185,0.004960488839103929,0.09655433189665026
3.88e-08,9.69332,10.355072,0.041415790108521006,0.0726790663847007,1.6761300844504883,2.1269192586775207,0.00519449840237573,0.043765239006088294
4.0600000000000006e-08,9.410128,9.940840000000001,0.040644812195279365,0.08322549494005511,1.6167252352414951,1.707416423528055,0.005642494007615564,0.053811489754422154
4.24e-08,9.939384,10.354344000000001,0.041749328654633704,0.07819543125269511,1.9878471805112852,2.008641085012452,0.00571414539855453,0.04280654916537462
4.42e-08,8.958768000000001,9.862944,0.04038627956750261,0.06952547036497599,1.42689508920593,1.1326962192338543,0.0063632732824941965,0.056528322046737606
4.5999999999999995e-08,9.565192,10.143224,0.04087119241897253,0.07711553794795341,1.9270674754489874,1.6561643329492801,0.00466500105762806,0.06187730186214128
4.78e-08,9.511320000000001,10.1192,0.03848790017635839,0.05948900647339248,1.4101770598049024,1.18910922542885,0.006576804591546516,0.025363414731942105
4.96e-08,9.233952,10.005632,0.04272213841432523,0.07283518479532256,1.8318963765089626,1.4804060193969313,0.007091973464924577,0.040427676319343075
5.14e-08,9.542624000000002,10.119200000000001,0.041274523503674346,0.0811699419825225,1.3924558213458693,1.5439726260526772,0.008335325740104869,0.04326919452547287
5.3200000000000007e-08,9.829456,10.40676,0.039725991365026844,0.07259048969200313,1.8515978509744857,1.9958826234692928,0.005223862833734714,0.037207097747160245
5.5e-08,9.447984000000002,10.295376000000001,0.04062685663789182,0.06919520390741103,1.8228969544107534,1.4949476750263422,0.006630833333985838,0.038718715302554
5.68e-08,8.979152000000001,9.776312,0.041466750236795864,0.08296900340119585,1.5949410890688096,1.7245614854024003,0.008115974994483634,0.07084941712991065
5.8599999999999995e-08,8.88524,9.5914,0.044375515608928925,0.07616273972692492,1.8189228479148494,2.0023170960997496,0.01759963533810222,0.06139120440846128
6.04e-08,8.803704,9.480744000000001,0.04201675342099464,0.07743725962392133,1.7057141887588707,1.9435259534498979,0.005414863222557747,0.05896428561921654
6.22e-08,8.524880000000001,9.213568,0.041183072911247065,0.116607989151997,1.9884419696502758,2.111110305565928,0.00964546487724058,0.13259266348286342
6.399999999999999e-08,8.995168000000001,9.560096000000001,0.0429384424821772,0.07139410233334449,0.9363317782353289,1.143158501871022,0.007822891343450225,0.039821449669634995
6.580000000000001e-08,9.440704,9.841832,0.041097926887998286,0.06158021278106803,1.7320029466102727,1.5076394160850708,0.005830969479550319,0.02389433320576435
6.76e-08,8.63772,9.464,0.0412845122678303,0.07882909961899645,1.5980629503662656,1.2937797854864383,0.006013750825199351,0.06123557379085021
6.94e-08,9.410856,9.874592,0.04061925749857014,0.0783604018969781,1.260099971589556,1.418744964725279,0.006340333216710387,0.046925369901454454
7.12e-08,9.3184,10.336872000000001,0.04174219074369659,0.09059592258654402,1.9076604152731167,2.0357202385396675,0.00557408187467772,0.09274983644101628
7.3e-08,8.559096000000002,9.164792,0.042085520763699445,0.07705507996354012,1.1524653315393054,1.4981787793629082,0.009311387434836673,0.04450345323247505
7.48e-08,9.057776000000002,9.667112,0.04010447931320995,0.07327756874728715,1.4454848970962426,1.7046308877877347,0.007847586666145497,0.04182205225894435
7.66e-08,9.062144000000002,9.52224,0.04173225473592725,0.08478874184996031,1.7569200736136708,1.9182230162314289,0.007357203928212006,0.07255797464217277
7.84e-08,8.97624,9.829456,0.04042882706120064,0.06169132829375581,1.1811201731125134,1.1084322976167738,0.007219359054616789,0.029497737262258517
8.02e-08,9.088352,9.871680000000001,0.04290836066945342,0.06617529239524163,1.4273457573178736,1.2147392271594752,0.009709627040051563,0.03762764940671344
8.199999999999999e-08,8.815352,9.612512000000002,0.03960764718951721,0.09017294568743443,1.8307960693643628,1.8902949673529792,0.006042329348961336,0.1150247585936809
8.38e-08,9.017008,10.038392000000002,0.04175961237485032,0.07052801416825441,1.54636715291033,1.4189297862356218,0.010280280997013929,0.04894977198856968
8.559999999999999e-08,9.008272,9.879688,0.044364261678438835,0.08173485237837538,2.106405812341645,1.7899469452845056,0.010639862115647325,0.06098721104527398
8.739999999999999e-08,8.963136000000002,9.400664,0.04048388696308413,0.07961700243802655,1.3043522386226813,1.4059634486951171,0.007413529749555614,0.048028752466627536
8.92e-08,9.238320000000002,9.720984000000001,0.04203632919199718,0.09170177394234742,1.3589604163967888,1.264597939952985,0.006146439024558175,0.06677104329263785
9.1e-08,8.630440000000002,9.839648,0.04414503981641369,0.0695722494493106,1.7982883287541336,1.519190241850353,0.01378239176825985,0.03965824710126887
9.28e-08,9.236136000000002,9.621976000000002,0.04010139523596776,0.09047536021802911,1.606342214183101,1.7790187354456573,0.005261079474830571,0.08462252932461413
9.459999999999999e-08,8.713432000000001,9.567376,0.04395590544281415,0.07040894823496956,1.4699272937575292,1.4190916311969897,0.006649937823183891,0.03798412749578561
9.64e-08,8.270807999999999,9.106551999999999,0.040990461996527484,0.09571864819748709,1.8478907331333203,1.9706972550174555,0.005297337091807402,0.1113782746451293
9.82e-08,8.687224,8.904168,0.04203834491192536,0.08550979951993473,1.2346268846902697,1.2029828284726263,0.0063728080845847955,0.06387821399313545
1e-07,8.966776000000003,9.287096,0.04062046647156194,0.0741918723071804,1.4255832798308679,1.4719468707803283,0.005148331322600536,0.04997860242374961
1.1799999999999998e-07,8.569288000000002,9.402848,0.04254318815122467,0.0807956027377253,1.3450945147460829,1.5594745164958612,0.008679150456822365,0.06549076650869415
1.3599999999999997e-07,8.335600000000001,9.075976,0.04423662899554873,0.06207544429682843,1.2360154071315885,1.2117441909908213,0.012318431080106825,0.028720426583713564
1.54e-07,8.53216,9.148776,0.04316247429570865,0.09005578582102473,1.978317117316298,2.0231063568351186,0.007559844220750056,0.13056218230669134
1.7199999999999998e-07,8.875048,9.139312000000002,0.043383948931904774,0.08907120168934803,1.5239704549629562,1.4671868036938356,0.00976057742062839,0.046079130786659844
1.8999999999999998e-07,8.198008000000002,9.049768000000002,0.044197717371295686,0.07050870552888085,1.5705440049868071,1.1704534002969393,0.009175326634675435,0.030064859005598354
2.08e-07,8.286824000000001,9.189544000000001,0.04277869541335235,0.06543721001482879,2.000273840686153,1.8947161551008107,0.011726684292152177,0.026959917640360258
2.2599999999999996e-07,8.621704,9.140768000000001,0.04315076274310593,0.07267337194852833,1.4543261545242643,1.4160204314439344,0.008189493451919562,0.0433490078225906
2.4399999999999996e-07,8.035664,8.96168,0.04507017550395416,0.0729923142285349,1.695118728113167,1.397859922643658,0.012169199063247309,0.06294396921453164
2.62e-07,8.312304000000001,9.293648,0.03961529762496233,0.05705452470131732,1.5852078108984116,1.5839218565320705,0.0052218250137444425,0.019291098129917916
2.7999999999999997e-07,7.792511999999999,8.350888,0.04031937924501998,0.07691271501831977,1.5102589856047868,1.6509389773499603,0.006983462946261948,0.05836092641911335
2.98e-07,8.095360000000001,8.898344000000002,0.040724867851931544,0.08048443131183128,1.5507603317942675,1.4056473212485887,0.007380842018958743,0.0599956846009551
3.16e-07,7.500584,8.227128,0.0432858161836182,0.07121737233748783,1.5808642645928417,1.4793633527974122,0.008587041789729381,0.034899977109852376
3.3399999999999995e-07,7.817992,8.840104000000002,0.0432584319784795,0.07203903227417838,1.7080232145963357,1.8396974362831149,0.00965026636836702,0.03782267772810144
3.52e-07,7.815080000000001,8.505224,0.04304586270324062,0.08032078589917585,1.520253891076531,1.422093698647643,0.006596651711677973,0.06879345978059095
3.6999999999999995e-07,8.325408000000001,8.996624,0.04347450802364605,0.06461819988376885,1.3045105243985833,1.3179690566929099,0.011658397863497724,0.0337703838852434
3.88e-07,7.654192000000001,8.745464,0.04051668746067289,0.06003206980082682,1.1260011167549229,1.1216049330015154,0.005451560481380299,0.03083245501998107
4.06e-07,8.128848000000001,8.769488,0.04074265193658135,0.07908516171548882,1.6812594171037378,1.7444305203322563,0.005678619471305009,0.057870642947989805
4.24e-07,7.9293759999999995,8.72144,0.041248151263925344,0.08470240281523772,1.3263201352112037,1.5098049112385348,0.006328129979413998,0.056813448082168226
4.4199999999999996e-07,8.234408,8.580936000000001,0.04311309953172038,0.06757107839927658,1.5659059725709374,1.74114749587736,0.009789056915111808,0.028568354140662586
4.5999999999999994e-07,7.598136000000001,8.533616,0.04383102809044228,0.06149432113090617,1.5747305692509221,1.613391077740711,0.014193000578987024,0.033012355552780925
4.779999999999999e-07,7.985432000000001,8.624616,0.04124954382276358,0.07623836016498241,1.343612046785331,1.6162457372153118,0.009051690241239032,0.05007837305019026
4.96e-07,8.256976,8.958039999999999,0.0407707960174378,0.08093715430575277,1.4338466239687795,1.6760889127171426,0.006618098827126068,0.054115872137715994
5.14e-07,7.089264000000001,7.713888000000001,0.04188506277744912,0.11234872367935571,1.5765262601893657,1.8650092752941831,0.010753610507273142,0.11982320050736685
5.32e-07,7.816536000000001,8.52852,0.041010547001485674,0.07981063341460953,1.3747539194585578,1.3792730440344292,0.008193895954391765,0.06957645396642968
5.5e-07,7.991256000000001,8.380008,0.03973665589465252,0.10634839845192798,1.5408490186906698,1.5432759371760667,0.006740572280662219,0.16999575843926795
5.679999999999999e-07,7.711704,8.102640000000001,0.03989941540745996,0.07973181880101503,0.9877381065174445,1.1529978910070333,0.005974219487980959,0.07260621464485399
5.859999999999999e-07,8.128120000000001,8.581664000000002,0.03990031350361869,0.07402947250701158,1.852038176352385,1.6107010282482592,0.006394069178592704,0.04016656989958592
6.04e-07,7.964320000000001,8.10264,0.04214845000150279,0.17459219110257906,1.8347579985745621,1.9511313940036603,0.007491278981905525,0.4179551958348825
6.219999999999999e-07,7.664384,8.515416000000002,0.03912043217108311,0.059357842239328155,1.5354149666241155,1.5646295588413255,0.0054797289041423275,0.027164928019119586
6.399999999999999e-07,7.461272,8.690864000000001,0.04173111583914678,0.06397530110393135,2.3625703142128915,1.867364346451972,0.008189469023958805,0.03263814649349714
6.58e-07,7.054320000000001,7.799792,0.042789041216757355,0.08699775225690036,1.3269680616603652,1.697168948062233,0.011668689765753911,0.08855001255576397
6.76e-07,7.5078640000000005,8.169616000000001,0.03966167921749663,0.06964041169708651,1.2764905323059266,1.5388448892161506,0.006073521200717448,0.04968990169885534
6.939999999999999e-07,7.8886080000000005,8.473192000000001,0.04040349265263011,0.0707431622429416,1.2791039760707494,1.244240795934078,0.006318420101644549,0.03298898098626308
7.12e-07,7.024472000000001,7.795424000000001,0.03995091373760789,0.10750727597494657,1.6737526538490288,1.8102270541932943,0.004884916081155163,0.12563263554722492
7.3e-07,7.0528640000000005,7.598135999999999,0.04056802028078163,0.12727041960257382,1.431885506037407,1.2180197312578043,0.0066296834661301405,0.11660398837756646
7.479999999999999e-07,7.542808000000001,8.212568000000001,0.03986645541532461,0.08435791524453112,1.167546667846729,1.4561258778919721,0.006264135947588227,0.07088392928036563
7.66e-07,7.638904,8.35016,0.04558900650377101,0.07801162280355942,1.6550539368048809,1.4968969848768265,0.0192027384691184,0.0628285862457772
7.839999999999999e-07,7.673120000000002,8.332688000000001,0.041933881299984106,0.06822534124919787,1.3765786695039748,1.4178847415310831,0.0097771914552184,0.02966382371403203
8.019999999999999e-07,8.042216000000002,8.473920000000001,0.04010893260047231,0.11621415467764362,2.1970820087258165,2.24663132489512,0.005728835424855489,0.15287595576394
8.199999999999999e-07,7.698600000000002,8.571472000000002,0.04131407561166087,0.06807710474595428,1.3723310910029454,1.0868371955357439,0.005283318627255273,0.04969664205941536
8.379999999999999e-07,7.42196,8.191456,0.039703639716338265,0.08214413079159798,2.0034747598443396,1.934700234765066,0.005008814640351426,0.07060611037161463
8.559999999999998e-07,7.844928,8.64136,0.043436105757802955,0.07629387263847852,1.7320265335534943,1.4022073432033273,0.006320879600753334,0.05607647047010529
8.739999999999998e-07,7.6498240000000015,8.474648,0.04273885983571917,0.07562622729004423,2.1709856350822156,1.9586918017561281,0.006622861252825677,0.049529920828138244
8.92e-07,7.446712,8.243144,0.04405734231644905,0.09296306037319486,1.939080819254319,2.2449838325475753,0.011539246069204607,0.13518669396411248
9.1e-07,7.354256,7.912632000000001,0.04558752748108942,0.08414542451246995,2.0356147429544063,2.113540906220333,0.017305999571950566,0.06027363763855478
9.279999999999999e-07,7.020832,7.654192000000001,0.039789286675743364,0.07403655490553189,1.3831329457431056,1.2246413821741178,0.006084138048786176,0.047443848034009785
9.459999999999998e-07,7.2152080000000005,7.645456,0.041225005810310814,0.08691258318251384,1.3677079006864001,1.5238983644149853,0.0047417006560151395,0.05662076116142784
9.64e-07,7.10164,7.901712,0.04562388436908478,0.07444030746981051,2.0783690793504412,1.748973915452524,0.013910795563161821,0.05048714355694529
9.82e-07,7.65128,8.090264000000001,0.04345783853936019,0.10029530485959874,1.8795998049230234,1.8189009948500954,0.009205061735368534,0.09856771190634381
1e-06,7.336056,8.217664000000003,0.0440498016079099,0.06808340455929483,1.4680730414617207,0.9482520212123637,0.013980196017064985,0.050219370975075846
1.18e-06,7.554456,8.094632,0.04002542951580654,0.06690628184644767,1.3831193748432085,1.3512941324029595,0.00598629179466124,0.02863729780312365
1.36e-06,7.166432000000001,8.209656,0.04509749704284022,0.06699539224574991,1.5370227754547643,1.3125039498607232,0.01973126767467405,0.043244401557210925
1.5399999999999999e-06,7.278544000000001,7.959952000000001,0.043200898364991816,0.07008875399569965,1.2455250814014147,1.2021059815728954,0.0072133291959555895,0.042678408295013834
1.7199999999999998e-06,7.194824000000001,8.076432,0.03950898411640335,0.0668733741353756,1.2305062038581254,1.2465148865002242,0.00559488963772192,0.06005778812431808
1.8999999999999998e-06,6.816992,7.612696000000001,0.038241793493054996,0.07998208175273312,1.3847764350007312,1.5436375536591052,0.005581512016891758,0.05883585346485634
2.08e-06,6.977152,7.755384000000001,0.040656846330201335,0.06575222220748592,1.4052344813588942,1.1968065005393866,0.006484637757336754,0.02939093242299726
2.2599999999999995e-06,6.996080000000001,7.6738480000000004,0.040654653884442914,0.08577479502174576,1.632928166413534,1.63082968381128,0.008517718513053888,0.07260063368119211
2.44e-06,7.013552000000001,7.6956880000000005,0.04063894873607784,0.0781727476862195,1.6372741984570984,1.330869737026631,0.004916757036572917,0.04722674000789537
2.62e-06,7.314944000000001,7.708792,0.045070012339551956,0.08631657906459811,1.3074361992337011,1.4537619549293481,0.011180177994730502,0.056173372654470234
2.8e-06,7.198464000000001,7.745191999999999,0.043599811142121844,0.06279328941176494,1.0517374620439583,1.005746667042286,0.00560633071030077,0.028708943850667634
2.98e-06,7.055048,7.493304000000001,0.043270914453898364,0.07525584339318908,1.8834793010808484,1.7341372207527295,0.008067541604120822,0.032420238476634944
3.16e-06,6.70852,6.969144,0.04279499621418455,0.09707038028827446,1.1741586278409457,1.4508619467061643,0.005620481821473689,0.06128072820769977
3.3399999999999998e-06,6.820632000000001,7.483840000000001,0.04622303061791763,0.08873149094374075,1.1449651678544637,1.2580510018808193,0.013522973602381607,0.08464133761221357
3.5199999999999998e-06,7.036120000000001,7.331688000000001,0.04257332301524192,0.11630163769235335,1.767868720616249,1.8594581738416884,0.009106480259855344,0.17095452801755948
3.6999999999999997e-06,6.3590800000000005,7.1460479999999995,0.040437810118807205,0.05891370544009622,1.0460251096412554,1.2244249797081623,0.010594905114096847,0.026224743677969762
3.88e-06,7.239960000000001,7.949760000000001,0.04287600969974673,0.06369801358271311,1.3343632988558003,1.3817124676767358,0.008377244261447354,0.0285263095395152
4.06e-06,7.198464,7.835464,0.04378243865275753,0.07634467091216923,1.6811136167433776,1.7112607464673522,0.007799134381422018,0.04543075690666314
4.24e-06,6.481384,7.04704,0.04449613090932738,0.07238657068159877,1.5820598850022505,1.647443518505769,0.014339344052413968,0.06004733720362269
4.42e-06,7.172256,7.82236,0.04061375484574605,0.0650391471501781,2.1205923775523985,1.826305992068872,0.008427204331408951,0.03292118767245588
4.599999999999999e-06,6.308120000000001,6.8650400000000005,0.04315916118417499,0.11251147934121881,1.2618630208280668,1.3507191849776425,0.009197403083874945,0.18671275697823173
4.779999999999999e-06,7.392112000000001,7.95704,0.04163024375370565,0.0844911570165789,2.2573911779456095,2.3265824858219264,0.007441554148208508,0.06533878367517199
4.96e-06,6.782048,7.217392000000001,0.0402407540255549,0.06869024844075855,1.3445526384638131,1.2533035911541945,0.006605884672765916,0.04289869932176323
5.139999999999999e-06,6.300840000000001,6.932016000000001,0.04124643706949769,0.0627198532684466,1.3021270099341309,1.6359201721762995,0.011791906303144946,0.02856950385392915
5.32e-06,6.367088,7.251608,0.0413392421254434,0.09453437381029488,1.367391003675735,1.5819182031950956,0.007385301533146358,0.12548292344411877
5.5e-06,6.510504,7.0965440000000015,0.041348345903925436,0.06901353911069859,1.1619589466643532,1.2891836532214227,0.0075647807422455655,0.026498273281579866
5.68e-06,6.143592000000001,6.703424,0.04383992139440457,0.11270881962225254,1.7186724261087878,2.0329402715607103,0.01411720458361697,0.1678160308610747
5.859999999999999e-06,6.656104,7.639632000000001,0.04251603336958231,0.059796900030390655,1.3004461441110637,1.103057142188624,0.010562145997247047,0.03452705130996154
6.04e-06,6.506136000000001,7.62216,0.03987033681563888,0.059339542314138426,1.7270361583939116,1.5833128328497394,0.006329462192244978,0.020356445414004828
6.22e-06,7.070336,7.808528000000002,0.042173257579515636,0.07825380567443092,1.7277632348598384,1.8256520304446484,0.006480774835910697,0.059440428734051615
6.399999999999999e-06,6.466096,7.266168,0.04154976768767723,0.06712607111019187,1.387936661763305,1.5548425211576897,0.007432357811053537,0.03164012672392798
6.58e-06,6.4639120000000005,7.0579600000000005,0.04140835367134859,0.06643594918316191,1.5175886411014021,1.7585774525640512,0.01481704995630431,0.062054530411995434
6.76e-06,6.831552,7.1511439999999995,0.040200463234814715,0.08418914352376146,1.3203770740209024,1.316787294288641,0.007835877951476772,0.04842724780331398
6.939999999999999e-06,6.202560000000001,7.2996560000000015,0.04264919550851696,0.07331616436124841,1.5577576940375977,1.7744138201295288,0.011308456631059404,0.06591740632731541
7.12e-06,6.513416000000001,7.193368,0.03976214415626774,0.0870491365455308,1.5134234777704048,1.3830431358421182,0.008293883018317074,0.10213380316408965
7.2999999999999996e-06,6.332144,6.982247999999999,0.04378014936355183,0.09015263037220894,1.7835761665074283,1.9928783925769282,0.009409682514128118,0.06958500811189346
7.4799999999999995e-06,6.6888640000000015,7.297472,0.04191775063788768,0.07460118244434828,1.442764942416701,1.5947212775069295,0.007377778948112943,0.05540929647638638
7.66e-06,6.4202319999999995,7.304752000000001,0.04640922055535306,0.06950360733927083,1.277821468594107,1.0618817515461247,0.01591453402490165,0.03829428916241563
7.84e-06,6.358352,7.106736000000001,0.04414550386667658,0.07152277995015875,1.6564323170396469,1.5796310431236782,0.01055571815395781,0.03212947721023711
8.02e-06,6.381648,6.9342,0.041113645603628006,0.08409053973135368,1.3356543406136188,1.3821119624207971,0.006092952649466007,0.06005039062983504
8.2e-06,6.372912,7.140224000000001,0.040385110465307336,0.07355739945109117,2.011893725722112,2.009505289302154,0.006612436718327373,0.0482946277846325
8.38e-06,6.049680000000001,7.069608000000001,0.03964969164853518,0.06853902343862403,1.2500057146536039,1.241086544766319,0.005447002254390623,0.04051357584418702
8.559999999999998e-06,6.3554400000000015,7.093632,0.04473445084421071,0.07290676628246465,1.7843891111526098,1.825945329302058,0.015823894725829978,0.06306715483573208
8.739999999999998e-06,6.638632,7.2778160000000005,0.043084744330727565,0.07101308946521998,1.2528652277612837,1.3949572812097153,0.010538023729511115,0.03719344064064835
8.92e-06,6.353256000000002,6.960408000000001,0.041004705847662866,0.08420438809562708,1.4731409488119822,1.3467188353921544,0.00827445908085302,0.07775906290128963
9.1e-06,6.230952,6.638632,0.03947236958047919,0.08181633057952327,1.1272604568599045,1.094982244422256,0.005244716655202449,0.040818223451670244
9.28e-06,7.0798000000000005,7.664384,0.040808165308053146,0.08515294614769388,1.2969122997848905,1.468302413128849,0.007633411663817277,0.0719637920702995
9.46e-06,6.252064000000001,6.706336,0.04175021172589499,0.08175282652433019,1.4165158720372086,1.401342089712573,0.0062417076853675466,0.044097377307782994
9.640000000000001e-06,6.49376,7.19992,0.04070695270750605,0.0791385818265255,1.5237179419652007,1.3546677846123998,0.007404736253401112,0.05719416589555687
9.82e-06,6.522880000000001,7.084896000000001,0.04044907154413695,0.08345416836370513,1.774492222205177,1.8792070669300922,0.007407335370985415,0.0675996618525339
