l,model_seed,train_index,test_index,tau_f_nmse,tau_f_se,nmse,se,train_time
0.0,7151846.0,3993.0,93.0,3.0785,3.0785,0.24474764578984554,0.24499979182367956,4.04483962059021
1.0,14602674.0,47000.0,52.0,1.9035,1.927,0.25613334852096303,0.24782272672552386,4.183610200881958
2.0,22887797.0,13662.0,99.0,0.94,0.94,0.19806122082709354,0.17825954258260726,4.006794214248657
3.0,11427482.0,5740.0,98.0,3.055,3.0315,0.24082729276334314,0.259019101835268,4.001076936721802
4.0,38406578.0,14302.0,69.0,0.94,0.9165,0.2322055790932736,0.257022811325445,4.068734884262085
5.0,43669940.0,13951.0,21.0,3.1255,3.1255,0.24227728937754728,0.24303772285471092,4.140765428543091
6.0,39263830.0,23741.0,71.0,0.846,0.846,0.1723620723266326,0.17341132851033864,4.018875598907471
7.0,70537588.0,23326.0,76.0,2.4205,2.397,0.244222549385986,0.261345008909692,4.182298898696899
8.0,18676701.0,6722.0,68.0,0.752,0.752,0.24554245924883672,0.24415193963287946,4.167560577392578
9.0,9059008.0,884.0,0.0,1.974,1.974,0.23173131088988103,0.22679723015970457,4.1524763107299805
10.0,6273191.0,13866.0,5.0,1.1045,1.1045,0.22973269516402017,0.24242391208837985,4.088036060333252
11.0,10853134.0,48240.0,76.0,5.217,5.217,0.2330506151447301,0.23847770563573248,4.181073904037476
12.0,94047993.0,24743.0,76.0,1.5745,1.5745,0.2329253994395718,0.21727032624267797,4.122289180755615
13.0,19876762.0,22325.0,71.0,0.6815,0.6815,0.19213430838093748,0.20518592623185433,4.192108631134033
14.0,31325889.0,20675.0,22.0,2.3265,2.3265,0.23547498078058055,0.23783519246660315,4.144439935684204
15.0,21560088.0,30931.0,89.0,3.9245,3.9245,0.2368733871682199,0.24802800200279732,4.207873582839966
16.0,15995552.0,3514.0,7.0,5.123,5.1465,0.2520518084693711,0.2438012572447788,4.157954216003418
17.0,33020671.0,27408.0,23.0,0.6815,0.6815,0.20115880120626697,0.18131131966055042,4.028377532958984
18.0,87821534.0,32076.0,69.0,0.799,0.799,0.20971843292999964,0.23201173428996114,4.043028831481934
19.0,6723467.0,21533.0,29.0,4.8175,4.841,0.256056497074152,0.2484993735293859,4.238470077514648
20.0,10339861.0,38646.0,86.0,0.8225,0.8225,0.17753280742332744,0.17844615490868726,4.0674889087677
21.0,1808004.0,18593.0,61.0,3.5955,3.572,0.24432826407348934,0.2762713956856913,4.098584890365601
22.0,70426943.0,35704.0,17.0,4.089,4.042,0.24542453966358493,0.27992907873768624,4.090364933013916
23.0,42706923.0,14793.0,55.0,1.4335,1.4335,0.20595547890189336,0.23297704667035954,4.109835386276245
24.0,36659562.0,2141.0,74.0,1.7625,1.7625,0.22423947650567927,0.22307979673575037,4.17640495300293
25.0,15677259.0,32763.0,22.0,0.9165,0.9165,0.23699662988357517,0.20522801861281342,4.099807500839233
26.0,71341440.0,25576.0,44.0,5.64,5.6635,0.2608331002031201,0.24808381360047843,4.102224111557007
27.0,40982262.0,16542.0,61.0,2.3265,2.2560000000000002,0.24931163134349343,0.3242142150675682,4.146872043609619
28.0,6475482.0,34922.0,31.0,1.3395,1.3395,0.2238560158724095,0.208103104482259,4.124248266220093
29.0,83576286.0,46873.0,44.0,0.752,0.752,0.17944385848288186,0.1881490045515498,4.112175464630127
30.0,34350895.0,38074.0,99.0,0.5875,0.611,0.2515351063134825,0.2374383466708756,4.06312370300293
31.0,78387348.0,38584.0,6.0,4.1595,4.1595,0.249175885661366,0.24963961266617735,4.125273704528809
32.0,47184620.0,8234.0,30.0,1.88,1.88,0.22892835136868384,0.22409731037932545,4.1868369579315186
33.0,82872624.0,12407.0,37.0,0.8695,0.8695,0.17282405217311614,0.18051957534153767,4.143728256225586
34.0,29325082.0,43069.0,89.0,0.705,0.705,0.17018853113321486,0.1778151407596954,4.04084038734436
35.0,48183356.0,34932.0,64.0,1.1045,1.1045,0.20465678086090397,0.233017636010465,4.185359239578247
36.0,20086200.0,18920.0,66.0,2.397,2.397,0.2348097408878689,0.23036136063028392,4.05569863319397
37.0,48721477.0,6575.0,71.0,3.8775,3.9245,0.26705675573434007,0.2452545941521366,4.045799493789673
38.0,57457526.0,792.0,23.0,2.0445,2.0915,0.28610839495009693,0.24656090680915463,4.145763158798218
39.0,2604643.0,39569.0,81.0,4.8175,4.7705,0.24589499655222424,0.2621280012213029,4.135478734970093
40.0,86982438.0,6631.0,88.0,1.551,1.5275,0.24483050536397238,0.2930099461202182,4.060513973236084
41.0,21579116.0,41554.0,84.0,1.1985,1.1985,0.20791203124175286,0.22792590577518002,4.105616092681885
42.0,54563149.0,22533.0,4.0,1.316,1.316,0.2324510974544013,0.23729095560461352,4.0203118324279785
43.0,61739455.0,33701.0,13.0,3.9245,3.9715,0.2671212774761433,0.24964601587558224,4.02060604095459
44.0,17712393.0,21598.0,4.0,1.363,1.363,0.20709593326781794,0.21266875041914227,4.0952489376068115
45.0,30197658.0,9749.0,12.0,3.4545,3.431,0.24478579228632152,0.2546541864799368,4.1000847816467285
46.0,79809485.0,14248.0,93.0,1.41,1.41,0.22903582522759952,0.24222209772739975,4.178952693939209
47.0,11471424.0,2713.0,29.0,1.88,1.88,0.22883260472935307,0.2333473755731168,4.172918796539307
48.0,16021362.0,21568.0,42.0,1.363,1.363,0.2299786369824724,0.24400805095328723,4.125549793243408
49.0,86128455.0,2202.0,82.0,0.799,0.8225,0.28401102751567764,0.2480667668762939,4.156477451324463
50.0,67161227.0,6484.0,42.0,0.94,0.94,0.24972564066733532,0.23058149573348852,4.1550703048706055
51.0,79043269.0,11798.0,60.0,2.6085,2.5615,0.24065165197266575,0.2739851679933459,4.2180986404418945
52.0,88134713.0,2780.0,57.0,1.222,1.222,0.21555888345779622,0.2268631798393153,4.1557838916778564
53.0,9884733.0,1237.0,27.0,0.7285,0.7285,0.23897833205863148,0.22653202184804033,4.14005970954895
54.0,32387383.0,9843.0,24.0,1.363,1.3395,0.2498772322137246,0.27446357876532923,4.196617603302002
55.0,7842472.0,12176.0,93.0,0.987,1.0105,0.2554821622260378,0.24265771001124176,4.211228609085083
56.0,83418185.0,6354.0,6.0,0.9165,0.9165,0.20347225144439549,0.18832322280930272,4.038288831710815
57.0,35054477.0,37564.0,10.0,2.491,2.4675,0.23881320823314325,0.26247366489489804,4.2693564891815186
58.0,34376633.0,8687.0,67.0,1.551,1.551,0.24467101811887815,0.22697190820375887,4.08406400680542
59.0,78055786.0,37213.0,85.0,2.82,2.773,0.2385121219272629,0.2684642019383077,4.13673996925354
60.0,4603941.0,10367.0,17.0,1.222,1.222,0.21487080734473168,0.2462735309238161,4.1849799156188965
61.0,57654461.0,48234.0,20.0,1.081,1.081,0.223510844630521,0.23311609031540512,4.152648210525513
62.0,83794792.0,22649.0,45.0,1.0575,1.0575,0.23562772596843,0.22572479002822918,4.247308254241943
63.0,29233138.0,37901.0,64.0,0.6815,0.6815,0.21380982311237923,0.23412492429819215,4.175189971923828
64.0,63832586.0,39224.0,39.0,1.1045,1.1045,0.20602047409967825,0.19966304457227696,4.129669189453125
65.0,9924476.0,46357.0,90.0,1.9975,1.9975,0.23215371316938987,0.2273505911846208,4.105930328369141
66.0,39197465.0,40976.0,56.0,3.948,3.9245,0.2479315323363816,0.2565930679670345,4.188683986663818
67.0,70931247.0,15768.0,4.0,1.4805,1.4805,0.22690091367410375,0.2325487731004413,4.129230737686157
68.0,79788962.0,26436.0,46.0,1.316,1.3395,0.25741058883513424,0.22545371113683443,4.184655666351318
69.0,60501883.0,17278.0,96.0,4.23,4.23,0.2458127525856531,0.2471369632067939,4.190062999725342
70.0,40872051.0,31339.0,70.0,1.645,1.645,0.22426922680047023,0.23323746827052877,4.231578588485718
71.0,58229405.0,20564.0,51.0,0.4465,0.4465,0.12538615334353742,0.1270677116564203,4.198369979858398
72.0,88641459.0,45252.0,76.0,0.7755,0.799,0.25358461080066547,0.23276304049210117,4.245513916015625
73.0,24106171.0,10367.0,8.0,2.4675,2.444,0.24527440797067154,0.2704999715686554,4.152997732162476
74.0,47929630.0,26700.0,96.0,4.418,4.4415000000000004,0.2618865158920629,0.2478222260976394,4.108233690261841
75.0,54050200.0,46674.0,34.0,3.4075,3.3605,0.2362439034904653,0.2733567298058398,4.005801439285278
76.0,24672930.0,5280.0,98.0,2.585,2.538,0.23902147708135296,0.2794651352153121,4.113257646560669
77.0,3220118.0,22784.0,91.0,0.6345,0.6345,0.21267746675129,0.19371477538641885,4.014746904373169
78.0,69211725.0,764.0,21.0,2.914,2.914,0.22860051545265792,0.22199279213046533,4.174616813659668
79.0,44333970.0,29756.0,46.0,1.1515,1.175,0.2843977103167543,0.24863013112702942,4.152153015136719
80.0,23877226.0,32653.0,8.0,1.222,1.1985,0.2389638853856404,0.25017856223795915,4.0880818367004395
81.0,13712831.0,43827.0,72.0,1.034,1.034,0.23160256159215298,0.2319462018984606,4.12197732925415
82.0,7382083.0,48133.0,63.0,3.0315,3.055,0.2660877381049255,0.24564019824744734,4.203941345214844
83.0,74556274.0,40108.0,11.0,3.008,2.9375,0.24773952982378533,0.2831722621257848,4.071199655532837
84.0,26130927.0,28016.0,11.0,4.982,4.935,0.23476634289637516,0.31017654603438366,4.129783868789673
85.0,93745151.0,30244.0,70.0,4.1595,4.2065,0.260344438910795,0.24503566795970796,4.175312757492065
86.0,71868251.0,13788.0,32.0,1.9975,2.021,0.2807167693629387,0.24642602281673132,4.16431736946106
87.0,99382926.0,25949.0,81.0,1.739,1.739,0.20920427254165255,0.22221588316052487,4.051227569580078
88.0,75405402.0,45831.0,28.0,4.3475,4.3475,0.2441070490666979,0.23813813713959334,4.187983274459839
89.0,4982932.0,37624.0,23.0,4.465,4.465,0.2330117046266943,0.24189980948607986,4.171374797821045
90.0,45883036.0,4912.0,44.0,0.6345,0.6345,0.15419771619852685,0.16333108353576423,4.207943916320801
91.0,88251015.0,46793.0,50.0,4.371,4.3945,0.26915197151780745,0.24485175819359345,4.181572437286377
92.0,31582648.0,44064.0,99.0,0.5875,0.5875,0.1544381949797059,0.1466544231091953,4.16024374961853
93.0,86068318.0,31992.0,84.0,2.0445,2.0445,0.22282628560679602,0.23407196494030474,4.188445329666138
94.0,46541685.0,33131.0,42.0,0.7755,0.7755,0.1987185122973334,0.18158071354000965,4.1477673053741455
95.0,41223732.0,49263.0,22.0,1.081,1.1045,0.2637360718602297,0.22356367224918203,4.178720951080322
96.0,83469768.0,46132.0,81.0,0.893,0.893,0.1785494437015076,0.18260421650435094,4.137169361114502
97.0,33090612.0,3297.0,40.0,4.606,4.5120000000000005,0.24858449136588823,0.32845927664233426,4.056086540222168
98.0,47893565.0,22159.0,45.0,3.807,3.8305,0.26434696007065434,0.2324216604186674,4.211222887039185
99.0,56637226.0,43909.0,77.0,1.175,1.175,0.21237201756073293,0.2049015655637091,4.123411655426025
100.0,53351565.0,8217.0,2.0,0.987,0.987,0.19569450820828305,0.20209999496024755,4.032464027404785
101.0,43739649.0,33593.0,43.0,3.1255,3.1725,0.26461457972497254,0.24957155849294338,4.153733491897583
102.0,13367569.0,37494.0,49.0,2.632,2.632,0.23498051233637218,0.22822673215227007,3.9880940914154053
103.0,37053582.0,5054.0,47.0,1.41,1.41,0.23521262710005814,0.2313704989802178,4.0480430126190186
104.0,6958579.0,6504.0,22.0,0.9635,0.987,0.28414529282365064,0.23981721234173123,4.188326835632324
105.0,95190915.0,3143.0,49.0,3.149,3.1725,0.2627850587194355,0.24622573437916248,4.170044898986816
106.0,37006901.0,21222.0,29.0,4.6295,4.6295,0.2399800292830266,0.2462267233297634,4.165551662445068
107.0,12314057.0,39337.0,9.0,2.1385,2.115,0.239815174062764,0.2605183962187444,4.267502784729004
108.0,71496067.0,23448.0,68.0,1.0575,1.0575,0.1792014431828028,0.17862548515876212,4.122517824172974
109.0,60201170.0,34340.0,56.0,3.9715,3.948,0.24710965894232118,0.25516470241737754,4.0445168018341064
110.0,25418848.0,20983.0,67.0,0.8225,0.8225,0.21393441160026516,0.21606980351808897,4.124399185180664
111.0,5938623.0,16726.0,50.0,0.658,0.658,0.18253747130675194,0.16410238789435017,4.168489217758179
112.0,8824229.0,47213.0,78.0,1.645,1.6215,0.23068625428814826,0.2671629417809213,4.179781675338745
113.0,3916527.0,27105.0,69.0,1.457,1.457,0.2295948803674055,0.24138896202614302,4.179052829742432
114.0,98105097.0,37974.0,97.0,2.8435,2.82,0.23621231370366436,0.25763027497136076,4.024557113647461
115.0,57409984.0,8623.0,45.0,1.551,1.551,0.22216662742960336,0.21486314363956388,4.210196256637573
116.0,25516290.0,9074.0,75.0,1.1515,1.1515,0.2486366208291234,0.24582502510652432,4.0570831298828125
117.0,21550808.0,14588.0,78.0,1.2925,1.269,0.22867864844338714,0.25464243586518237,4.060204744338989
118.0,85763465.0,39741.0,6.0,1.645,1.6685,0.2771831557704347,0.2471854713923912,4.028720140457153
119.0,89849254.0,48367.0,84.0,1.2455,1.222,0.2368213161147713,0.26439875929980433,4.178322076797485
120.0,36836823.0,40346.0,62.0,0.9635,0.987,0.27309678973364304,0.24489685012914053,4.216529846191406
121.0,7130733.0,10331.0,27.0,0.6815,0.6815,0.1783439268552297,0.16640792963234163,4.074436902999878
122.0,15187673.0,26178.0,2.0,0.7285,0.705,0.2465886088270895,0.2759251505759617,4.1225504875183105
123.0,46935916.0,42920.0,11.0,2.1855,2.1855,0.2305277497608366,0.24314924862829718,4.157105207443237
124.0,61692925.0,14525.0,57.0,1.2925,1.269,0.23522130553898904,0.2550778701105504,4.137086391448975
125.0,58934717.0,25653.0,39.0,2.82,2.82,0.24403096217177617,0.23884693701878612,4.194143772125244
126.0,80875153.0,28162.0,69.0,1.269,1.269,0.21411397243133512,0.22104206220119266,4.160060167312622
127.0,80769830.0,11115.0,6.0,4.653,4.5825,0.246125514632218,0.2891852640140151,4.11265230178833
128.0,41967507.0,10399.0,51.0,0.8695,0.8695,0.20605287852112258,0.2234638850750355,4.207446098327637
129.0,73278331.0,45125.0,18.0,5.1935,5.2405,0.2772977147752187,0.24201344015401144,3.9866840839385986
130.0,70611357.0,27500.0,17.0,2.726,2.726,0.2321894706641363,0.2272564205335183,4.192168474197388
131.0,78142263.0,14231.0,33.0,5.9455,5.9455,0.23667405167670497,0.2363010960306342,4.216091632843018
132.0,43392162.0,23623.0,99.0,3.055,3.0315,0.24985536207089287,0.2532904795039599,4.2313549518585205
133.0,98554879.0,42721.0,65.0,4.5825,4.5355,0.24848109955141656,0.2692199201376512,4.120964050292969
134.0,99661600.0,37898.0,35.0,0.9635,0.9635,0.22736836325112292,0.22791935482231054,4.178136587142944
135.0,23852938.0,26991.0,27.0,2.867,2.8905,0.2521869765085716,0.24371829189104238,4.21015739440918
136.0,82568682.0,35979.0,79.0,4.3475,4.371,0.25530111502063324,0.23945924713524577,4.18213152885437
137.0,57087742.0,14850.0,15.0,2.9375,3.9715,0.27326646607622407,0.2499521045308297,4.215273857116699
138.0,7061232.0,2723.0,35.0,0.6815,0.6815,0.21487521512045737,0.22585635920455938,4.086132764816284
139.0,26336043.0,14634.0,24.0,0.94,0.94,0.1916037263131733,0.21504266400880687,4.137934446334839
140.0,91575889.0,32783.0,78.0,1.598,1.598,0.2153357296473985,0.2416610997469726,4.078616619110107
141.0,15321574.0,15419.0,39.0,4.1125,4.089,0.24962157711265046,0.2654184175915444,4.228224277496338
142.0,42106851.0,35415.0,1.0,1.1515,1.175,0.2506938257735628,0.24169455632350773,4.18790078163147
143.0,7922530.0,12522.0,12.0,3.1255,3.1255,0.23928511479667688,0.24467061432092174,4.228941440582275
144.0,79618028.0,4401.0,58.0,0.752,0.752,0.24653822677337991,0.23821785493289305,4.205046653747559
145.0,33372573.0,43206.0,52.0,2.0445,2.0445,0.23258715400951047,0.2264617950870464,4.058243036270142
146.0,35521042.0,16354.0,26.0,1.88,1.88,0.21850334448909872,0.21094414318649102,4.187910318374634
147.0,60764328.0,544.0,40.0,1.4805,1.504,0.2516107597584717,0.24561723253082837,4.021266937255859
148.0,5490293.0,33118.0,93.0,0.705,0.705,0.19392775853646202,0.17825447089905677,4.2010321617126465
149.0,33621064.0,17727.0,2.0,3.3605,3.3605,0.24898344564408875,0.2348558799049075,4.103389024734497
150.0,69812811.0,48108.0,0.0,2.1385,2.162,0.2558268475408264,0.22866203325370069,4.168920040130615
151.0,76027222.0,13198.0,95.0,1.2925,1.2925,0.20988822498247103,0.2140654779841369,4.238122463226318
152.0,3874572.0,11068.0,67.0,1.598,1.6215,0.25739455612488915,0.2376871572064637,4.109461307525635
153.0,62706230.0,25384.0,99.0,1.645,1.645,0.2272349862539458,0.2376706645031371,4.172252178192139
154.0,10683196.0,27792.0,59.0,1.0575,1.0575,0.1836373630865424,0.20464303464646288,4.210348606109619
155.0,65827134.0,13920.0,18.0,0.8225,0.846,0.2731741980873243,0.24930081735313103,4.142124176025391
156.0,3077102.0,2918.0,68.0,0.7285,0.7285,0.17682460896455238,0.17494387538301331,4.003033399581909
157.0,58426277.0,28605.0,86.0,4.935,4.9115,0.24517768071294685,0.2591967902153644,4.086244583129883
158.0,82731884.0,15952.0,26.0,0.799,0.799,0.23026866962830783,0.21724773416257306,4.135457515716553
159.0,19871073.0,25603.0,87.0,1.927,1.927,0.23545312176329902,0.24728053121844237,4.168690204620361
160.0,31980194.0,30980.0,88.0,1.7155,1.692,0.24183897212230443,0.2896770407785612,4.0855958461761475
161.0,77018145.0,43868.0,75.0,4.0655,4.0655,0.2220445732954487,0.22656072734631183,4.13173770904541
162.0,15397890.0,34415.0,81.0,1.3865,1.3865,0.22466632445064563,0.2293660999787682,4.122365713119507
163.0,36790733.0,9687.0,7.0,1.316,1.316,0.24980668961110547,0.23214888061474956,4.079627275466919
164.0,49935221.0,45093.0,79.0,1.222,1.222,0.22397750502838923,0.21462220294200238,4.066844463348389
165.0,19616560.0,43596.0,92.0,1.0575,1.0575,0.22830610919084854,0.21359724252824047,4.13233757019043
166.0,6832152.0,17808.0,77.0,0.9165,0.9165,0.22001941407565512,0.21699091434237594,4.248088598251343
167.0,61100732.0,15893.0,90.0,1.739,1.739,0.22478473191889736,0.21354820291940024,4.143974781036377
168.0,7918765.0,49300.0,80.0,0.752,0.752,0.17511827309297245,0.15493401226654197,4.168112754821777
169.0,70725963.0,13922.0,61.0,1.2925,1.2925,0.24616622693072715,0.22558150620222703,4.120087146759033
170.0,6463600.0,47965.0,24.0,1.3865,1.363,0.23786150257427122,0.2590037859453253,4.073702812194824
171.0,25779009.0,37457.0,77.0,0.611,0.611,0.24527346925256555,0.23217117889210473,4.085524320602417
172.0,9539476.0,16988.0,16.0,2.8905,2.914,0.25013452387873536,0.23952490169867835,4.030412673950195
173.0,72128408.0,14766.0,2.0,4.5825,4.559,0.24687034530929874,0.25509461642709275,4.137638092041016
174.0,93198768.0,25685.0,41.0,5.8515,5.8515,0.24902676167255722,0.24166722903020033,4.119502782821655
175.0,6927658.0,32992.0,2.0,4.277,4.3005,0.252787635882337,0.24695498826700707,4.166546583175659
176.0,51592372.0,26692.0,68.0,2.397,3.243,0.22234254157712893,0.24779688320574877,4.006629705429077
177.0,95255007.0,1582.0,16.0,0.7755,0.7755,0.2058705891938694,0.22472559013383683,4.179877519607544
178.0,86092002.0,38157.0,81.0,0.7755,0.7755,0.1759937147746138,0.1871548197926079,4.115697383880615
179.0,96484541.0,9712.0,63.0,3.8305,3.8305,0.24898513726196253,0.24138260817655574,4.143646001815796
180.0,25921711.0,18159.0,65.0,1.363,1.3395,0.2254093055012818,0.26676685273372275,4.095864534378052
181.0,27748339.0,27026.0,38.0,1.833,1.88,0.2591379013218079,0.24860067867948896,4.13838791847229
182.0,23100280.0,9256.0,94.0,1.034,1.034,0.18214951066731633,0.18097980568830072,4.176182508468628
183.0,52910513.0,38119.0,96.0,1.222,1.222,0.23639520662293378,0.2337417155342969,4.196597576141357
184.0,56266903.0,510.0,75.0,5.0995,5.123,0.2509839813827977,0.24576231146252622,4.201689958572388
185.0,21405023.0,14786.0,26.0,1.175,1.175,0.23517003156486233,0.224684087207777,4.218910217285156
186.0,9759795.0,10195.0,26.0,3.4545,3.4545,0.22702362120122666,0.2361079413388785,4.219513654708862
187.0,27230505.0,10554.0,42.0,2.35,2.35,0.24804222426436337,0.24785480170826169,4.0386645793914795
188.0,52720030.0,22739.0,13.0,0.4465,0.47,0.25795076175447745,0.23951540528778004,4.2078492641448975
189.0,94301007.0,3739.0,4.0,0.8695,0.8695,0.1933378655995033,0.21508135274064,4.0889012813568115
190.0,98328171.0,46564.0,69.0,2.538,2.538,0.23997156735050906,0.22168482358944622,4.040919065475464
191.0,87707245.0,33290.0,76.0,1.457,1.457,0.223966679787036,0.21260346075413064,4.252816438674927
192.0,91029753.0,11941.0,50.0,0.8225,0.8225,0.2110134780037625,0.19463383531841472,4.058107137680054
193.0,552756.0,14976.0,19.0,1.8565,1.8565,0.23816282344790624,0.23993977491301383,4.059335708618164
194.0,9209753.0,44298.0,44.0,1.1515,1.1515,0.21093324653785028,0.23794747359788096,4.2087109088897705
195.0,47525517.0,9561.0,60.0,0.987,0.987,0.20973511477563767,0.23970349082320008,4.115580081939697
196.0,75461250.0,26805.0,32.0,3.807,3.7835,0.2494539663996696,0.25162225589858417,4.117996454238892
197.0,10013995.0,32338.0,36.0,2.7965,2.7965,0.23167841764867997,0.2422975512189755,4.147433519363403
198.0,97728820.0,33941.0,42.0,0.517,0.517,0.23043962344463848,0.2298808761340687,4.168844699859619
199.0,64186040.0,26593.0,7.0,3.901,3.807,0.24896729216030078,0.29976862275359445,4.154646158218384
200.0,70334844.0,46636.0,4.0,1.598,1.598,0.23831787037710805,0.23201251490825603,4.2201457023620605
201.0,70512809.0,22821.0,74.0,0.799,0.799,0.1863270506384699,0.20498771377954328,4.178016424179077
202.0,3644071.0,10004.0,54.0,2.914,2.8905,0.24476305995982042,0.26572531161899426,4.125190258026123
203.0,43464372.0,46324.0,48.0,1.0575,1.034,0.23432867169637067,0.25240239478166837,4.1594555377960205
204.0,99058076.0,4779.0,17.0,4.0185,3.995,0.2377088384512234,0.2793615682248988,4.217440128326416
205.0,97542866.0,24769.0,97.0,3.2195,3.2195,0.24458130876291928,0.24889736378516678,4.276211500167847
206.0,72207790.0,8157.0,70.0,0.5405,0.5405,0.20355771718073884,0.2058339258731873,4.168103218078613
207.0,95550693.0,1116.0,61.0,2.35,2.2795,0.243815281328026,0.321919518804695,4.173824071884155
208.0,35060886.0,3388.0,49.0,0.846,0.846,0.23281910752368748,0.2378351237772995,4.2500739097595215
209.0,6035395.0,28459.0,92.0,3.9245,3.9715,0.26473663517454493,0.24342538465432087,4.220057725906372
210.0,24871575.0,47823.0,34.0,0.8695,0.8695,0.2016359930076159,0.20861152909084088,4.14566969871521
211.0,68166348.0,27713.0,44.0,1.5275,1.4805,0.2470583060873066,0.2843380921940325,4.170949697494507
212.0,32724233.0,15737.0,98.0,3.008,2.9845,0.23424739920613794,0.2532840176604237,4.230015754699707
213.0,75146183.0,8647.0,28.0,0.8695,0.8695,0.1844730320069767,0.19640492814314672,4.194520711898804
214.0,95641142.0,41275.0,47.0,1.9505,1.9505,0.2454502749307267,0.22952930904332966,4.134393930435181
215.0,79044067.0,39061.0,96.0,3.243,3.243,0.23586815541562217,0.2331377184653554,4.120484113693237
216.0,70867964.0,32075.0,10.0,1.081,1.081,0.19386278801843787,0.22105744172467337,4.16643214225769
217.0,51951325.0,32355.0,26.0,2.444,2.444,0.23056193518119084,0.22302944506052857,4.249572515487671
218.0,56010227.0,34038.0,89.0,4.2535,4.2065,0.2494694674350953,0.255893330423052,4.202202558517456
219.0,73299199.0,15159.0,43.0,1.41,1.41,0.23198801746601172,0.22447373845693303,4.237902879714966
220.0,14566984.0,22753.0,4.0,1.2925,1.2925,0.2408992309391631,0.24439334464036652,4.072644948959351
221.0,47176827.0,23487.0,60.0,1.457,1.4335,0.22365274927865947,0.25344458575300016,4.207665920257568
222.0,18604950.0,30551.0,96.0,0.7755,0.799,0.29351261771119075,0.2478994243604456,4.164147615432739
223.0,10534101.0,22039.0,54.0,2.068,2.0445,0.2402426602876478,0.2589448783199425,4.17956280708313
224.0,89776326.0,32617.0,38.0,1.41,1.41,0.22238826879058862,0.22796636515432814,4.173852443695068
225.0,17659467.0,35000.0,6.0,0.8695,0.8695,0.22234807973168372,0.20489248515376693,4.233981609344482
226.0,91616610.0,43900.0,57.0,2.4675,2.444,0.24079021773239723,0.2784335179031183,4.1689276695251465
227.0,94597049.0,27942.0,81.0,0.705,0.6815,0.24411392248207897,0.2724156985399902,4.106653690338135
228.0,5916062.0,30918.0,53.0,4.7235,4.747,0.25767988954474175,0.245814743272249,4.258090972900391
229.0,17352628.0,40442.0,72.0,0.705,0.705,0.16891277547973338,0.1861480265533281,4.0749406814575195
230.0,75728801.0,23293.0,58.0,1.974,1.974,0.22551591143471683,0.24296899321926366,4.211166858673096
231.0,22850036.0,19828.0,78.0,6.533,6.486,0.2451952430899717,0.2560131299969015,4.171734571456909
232.0,49444562.0,22156.0,71.0,0.846,0.846,0.18236039498540918,0.18377974503455966,4.22990608215332
233.0,90998117.0,6191.0,31.0,1.739,1.739,0.22609362815889922,0.2241335412529599,4.086151838302612
234.0,92968783.0,40403.0,23.0,0.799,0.8225,0.27008102793646643,0.24110634008671017,4.081843137741089
235.0,38282728.0,29352.0,75.0,1.269,1.269,0.23673673412358612,0.23304155483754174,4.176331996917725
236.0,51915585.0,19584.0,83.0,0.8695,0.8695,0.24935953844667455,0.23665075448930692,4.111119747161865
237.0,62117397.0,10540.0,81.0,3.5015,3.525,0.2575447171369769,0.24650307021899984,4.17419695854187
238.0,25982110.0,6952.0,37.0,0.9165,0.9165,0.22290372688244411,0.23785044350423867,4.129326581954956
239.0,34080847.0,21627.0,97.0,2.491,2.4675,0.24134352178370658,0.2574453017769989,4.138151168823242
240.0,52550578.0,5364.0,94.0,3.4545,3.4545,0.2458631064009415,0.24154910041030503,4.125107526779175
241.0,4719581.0,654.0,36.0,0.4935,0.4935,0.12444326049555504,0.11918577567420642,4.069199323654175
242.0,35908086.0,22290.0,8.0,2.679,2.6555,0.24434771509976116,0.2675869377212711,4.0893027782440186
243.0,57613358.0,33902.0,84.0,0.705,0.7285,0.2505123666529929,0.22836663925816728,4.184899091720581
244.0,50135767.0,46979.0,7.0,1.786,1.786,0.21258077017228985,0.22787023604059556,4.115410804748535
245.0,64877258.0,33326.0,98.0,1.927,1.927,0.24961906555352908,0.23887975554788882,4.123465538024902
246.0,26259836.0,43101.0,78.0,3.572,3.5015,0.23839578196752587,0.2933082554494485,4.134110689163208
247.0,45374737.0,29201.0,9.0,1.4805,1.4805,0.22214561836044552,0.22699420209275745,4.263217449188232
248.0,70160271.0,10686.0,37.0,4.089,4.0185,0.2446097137709708,0.2702431327100554,4.171245813369751
249.0,31876277.0,26634.0,39.0,4.606,4.5825,0.24153203690797007,0.2535618689883817,4.157822132110596
250.0,48474133.0,6758.0,44.0,2.82,2.8435,0.25190653426127185,0.23771674773104987,4.028308391571045
251.0,83115312.0,14265.0,70.0,4.3945,4.418,0.2501792895870282,0.24258369691543083,4.117758750915527
252.0,54604140.0,41779.0,83.0,1.3865,1.3865,0.24942740471429303,0.24758623030098395,4.131258010864258
253.0,74113957.0,9034.0,15.0,0.893,0.893,0.2025198982112528,0.2441109007928661,4.2109339237213135
254.0,40404775.0,7727.0,27.0,0.6815,0.6815,0.2025171039459576,0.18913741454111666,4.306149244308472
255.0,13551109.0,16296.0,92.0,3.9245,3.948,0.2599441346487629,0.23658921434025287,4.136229753494263
256.0,93755710.0,7337.0,25.0,2.3735,2.3735,0.2406224498293651,0.24363122379530994,4.133211374282837
257.0,90995009.0,31808.0,17.0,4.2065,4.2065,0.23324365969724298,0.2425604020509537,4.096567630767822
258.0,67047639.0,11674.0,23.0,1.6215,1.6685,0.31350833025055236,0.23949207320266327,4.147001504898071
259.0,59284298.0,25350.0,60.0,2.209,2.209,0.2250019540228907,0.2319983857764659,4.161630392074585
260.0,74697807.0,45130.0,84.0,0.8225,0.8225,0.2035866804297507,0.19087955176944102,4.154615879058838
261.0,90340147.0,39733.0,54.0,1.5275,1.5275,0.22923872676634427,0.24532145797934146,4.104288101196289
262.0,23660826.0,22171.0,94.0,1.598,1.598,0.23980906310563857,0.22618703436134663,4.097713232040405
263.0,32793749.0,32532.0,75.0,2.7025,2.679,0.24219563820544598,0.2518393831309425,4.130292892456055
264.0,98506230.0,45185.0,7.0,2.303,2.303,0.23384275056435413,0.22866951848177475,4.279440641403198
265.0,8662773.0,19155.0,71.0,1.457,1.457,0.22126500081794184,0.22808663083828207,4.176364898681641
266.0,76172310.0,32358.0,16.0,1.363,1.3395,0.23245032077246822,0.25384241944361,4.066973447799683
267.0,76197284.0,29281.0,50.0,0.846,0.846,0.20054339422963602,0.1871565273926407,4.213680982589722
268.0,71386512.0,27100.0,20.0,1.4335,1.4335,0.23120344445672772,0.24177767495468722,4.135759592056274
269.0,84528580.0,22044.0,4.0,5.17,5.17,0.227366917968827,0.2360450577769288,4.132683277130127
270.0,99651757.0,31476.0,4.0,1.3865,1.3865,0.21422103359646802,0.22056670756958238,4.0929646492004395
271.0,34045635.0,26221.0,71.0,0.8695,0.8695,0.21731354247910123,0.2136408183557341,4.26973032951355
272.0,61681659.0,26536.0,64.0,4.1125,4.136,0.25873078752524425,0.24784882549889503,4.165201187133789
273.0,74967721.0,35319.0,13.0,0.752,0.752,0.1682651587321024,0.15980426715166976,4.2270143032073975
274.0,8265792.0,12570.0,64.0,4.136,4.1595,0.2580694734358039,0.24919056492391153,4.288423299789429
275.0,56003123.0,11086.0,65.0,1.786,1.739,0.24935762468103873,0.2989855645310747,4.19700026512146
276.0,17605387.0,42011.0,49.0,0.9635,0.9635,0.19118176749548943,0.19909547357092264,4.273470878601074
277.0,72368734.0,14834.0,76.0,3.5485,3.5485,0.24970401284948046,0.2456585325913892,4.186212539672852
278.0,93616356.0,3978.0,69.0,4.4415000000000004,4.418,0.2360805299656783,0.2515333587857355,4.147395372390747
279.0,82440516.0,39076.0,27.0,2.2325,2.2560000000000002,0.26287967963668624,0.23420951117354774,4.184528589248657
280.0,30503690.0,31479.0,43.0,0.8695,0.8695,0.24497687478741245,0.20298213392720602,4.190745830535889
281.0,48750840.0,28306.0,0.0,1.8095,1.8095,0.22452211848268433,0.24168155142352649,4.166374683380127
282.0,80931072.0,11740.0,87.0,2.867,2.8905,0.25280136281935783,0.24014404318473165,4.19834041595459
283.0,63140366.0,34162.0,88.0,1.034,1.0105,0.23569019653297757,0.2638508343904385,4.147812843322754
284.0,32427956.0,41918.0,3.0,0.705,0.705,0.19189438853885962,0.20874752989946194,4.1364336013793945
285.0,8114214.0,12994.0,8.0,2.1385,2.068,0.24453010503582448,0.3076193977596716,4.09305214881897
286.0,46186973.0,27712.0,55.0,0.987,0.987,0.2181005905253862,0.22646115101977068,4.175694227218628
287.0,11624931.0,10012.0,14.0,1.3395,1.3395,0.23531951549535982,0.2483383817019764,4.07181715965271
288.0,31955495.0,40055.0,22.0,0.9635,0.987,0.2822108825433542,0.23833756874391218,4.18507981300354
289.0,2591290.0,288.0,17.0,4.042,3.995,0.23622065398582454,0.2750594259660979,4.2108154296875
290.0,19373045.0,49362.0,30.0,2.6085,2.6085,0.2392885882001625,0.24148487578799566,4.181222438812256
291.0,68338588.0,46442.0,35.0,4.6295,4.6295,0.24752566421661332,0.23538332812549953,4.218841075897217
292.0,36533719.0,41451.0,44.0,0.846,0.846,0.23280710707422975,0.24261906581502646,4.077447175979614
293.0,28883687.0,39504.0,76.0,0.5405,0.5405,0.24138438124668943,0.2307253457176396,4.187752962112427
294.0,73229277.0,5620.0,96.0,1.457,1.457,0.22498739203102835,0.24781910107950347,4.175204753875732
295.0,26733530.0,42910.0,41.0,1.8095,1.833,0.25675450519005316,0.2348204565238034,4.057724475860596
296.0,4011623.0,34306.0,73.0,0.5875,0.5875,0.18902588743740084,0.19721840085173006,4.063858985900879
297.0,9114139.0,32617.0,62.0,1.4805,1.504,0.26937577397465085,0.23887392701246857,4.06847071647644
298.0,33289690.0,9019.0,50.0,2.7025,2.7025,0.22214045454365788,0.21927874957795143,4.0673911571502686
299.0,81637102.0,38846.0,9.0,3.2195,3.243,0.2508637680641914,0.24755018880247748,4.215664863586426
300.0,17380457.0,16931.0,44.0,0.987,0.987,0.22909291256427766,0.24445284504540135,4.229585886001587
301.0,73925627.0,20343.0,98.0,0.752,0.752,0.18739257971991902,0.1869569139205477,4.020209074020386
302.0,40633030.0,38534.0,68.0,2.0915,2.0915,0.21916884725516605,0.2156530631048042,4.237070322036743
303.0,82148771.0,33683.0,93.0,1.0575,1.0575,0.22415107899418898,0.21856360941276998,4.1226966381073
304.0,61535492.0,33834.0,28.0,2.3265,2.3265,0.24965872458760044,0.24666221642072161,4.182483196258545
305.0,93905084.0,3475.0,99.0,1.598,1.598,0.21203017407993346,0.22044698878470367,4.150981426239014
306.0,99860833.0,19061.0,78.0,1.9505,1.927,0.24622952673515677,0.2548056728529178,4.125831365585327
307.0,46562512.0,1325.0,4.0,0.5875,0.5875,0.21139550890293507,0.24452536038164707,4.136114597320557
308.0,4624350.0,34410.0,71.0,0.6345,0.6345,0.1787001840692243,0.18849217116568595,4.124317646026611
309.0,72223568.0,20561.0,8.0,0.5875,0.5875,0.16255217606662628,0.15904543685305236,4.171523571014404
310.0,51882134.0,31959.0,4.0,1.5275,1.5275,0.23997284097313465,0.24167844997143684,4.206178665161133
311.0,75656829.0,47045.0,38.0,3.2195,3.1725,0.24370701895211314,0.27031610517617427,4.256160497665405
312.0,50785519.0,32515.0,75.0,5.4755,5.405,0.24706287844655653,0.2788148228954187,4.150835990905762
313.0,45199758.0,27537.0,35.0,1.3395,1.3395,0.22980363618853974,0.23273078866631233,4.013383150100708
314.0,43639999.0,12732.0,56.0,1.504,1.504,0.2196482728970062,0.21379715314747677,4.110100030899048
315.0,68055672.0,30732.0,1.0,1.833,1.833,0.22569092616455755,0.24192400874754844,4.124002695083618
316.0,41856905.0,23600.0,60.0,5.076,5.076,0.23634300030256755,0.24191173423293882,4.221532106399536
317.0,48018909.0,36699.0,83.0,4.841,4.841,0.2269107101464117,0.2268855471929791,4.126772880554199
318.0,37483698.0,40284.0,47.0,4.3005,4.324,0.269609957863058,0.24423953608592408,3.99668025970459
319.0,84578644.0,9482.0,14.0,5.1935,5.217,0.2559242586096422,0.24925280064076988,4.064796686172485
320.0,90364256.0,12908.0,45.0,3.854,3.901,0.28277914360814305,0.24524954662811518,4.150552988052368
321.0,38800530.0,33435.0,21.0,0.7755,0.7755,0.17198302571802104,0.1748737288426643,4.1712260246276855
322.0,56769943.0,22621.0,98.0,0.987,0.987,0.22674568342931456,0.2304670980518038,4.072424411773682
323.0,57428667.0,11438.0,97.0,1.5275,1.5275,0.23473610363545602,0.21455872153317798,4.063734769821167
324.0,85714954.0,20070.0,40.0,0.658,0.6815,0.2501643514271725,0.24169292450140445,4.210578441619873
325.0,93375083.0,22504.0,18.0,0.893,0.893,0.21875597689431725,0.19973506681124795,4.169741868972778
326.0,71368455.0,49558.0,53.0,4.9585,5.17,0.29201276938564996,0.24670100088928684,4.065356731414795
327.0,49233347.0,36135.0,37.0,1.1045,1.1045,0.1847841472536902,0.2129159021062566,4.165442943572998
328.0,6808268.0,13207.0,77.0,1.3865,1.3865,0.24225859203580105,0.2251939240647931,4.236015796661377
329.0,41433116.0,30366.0,23.0,0.799,0.799,0.18573173093298367,0.16602860976208084,4.066724538803101
330.0,6283105.0,17032.0,75.0,2.6555,2.6555,0.2390917233493398,0.24198768300028164,4.194220542907715
331.0,35359603.0,22421.0,55.0,0.846,0.846,0.1765210485273393,0.18195658252158262,4.207809686660767
332.0,10639498.0,16148.0,43.0,4.6765,4.5120000000000005,0.24831829228932975,0.2620184876381379,4.28459095954895
333.0,48794616.0,48733.0,3.0,0.7755,0.7755,0.16961278095593113,0.17577727860481315,4.125593900680542
334.0,18143631.0,33864.0,20.0,0.987,0.987,0.21474600616724676,0.21666805800194552,4.128188610076904
335.0,37001067.0,11404.0,92.0,1.2455,1.2455,0.22292600061699117,0.2176702222911901,3.9578075408935547
336.0,16399837.0,33665.0,11.0,2.209,2.1855,0.24959457788810707,0.2629347786476943,4.165817022323608
337.0,45601950.0,6260.0,17.0,0.5875,0.5875,0.15512127492013228,0.17260055512966108,4.075588703155518
338.0,78744616.0,36868.0,14.0,1.41,1.41,0.21482053240463272,0.21600009793495137,4.222419500350952
339.0,57366208.0,27482.0,74.0,0.8695,0.846,0.24923609168606123,0.2776203351503022,4.240278244018555
340.0,3993988.0,23491.0,37.0,4.089,4.042,0.24768989412337347,0.27360656572478875,4.131535768508911
341.0,27704562.0,13898.0,31.0,2.8435,2.82,0.2449099234441986,0.2594150103506712,4.2099289894104
342.0,99840299.0,18507.0,34.0,1.1045,1.1045,0.21259997157813898,0.20758688936523464,4.0796685218811035
343.0,70063316.0,6825.0,83.0,1.1280000000000001,1.1280000000000001,0.2171914630813284,0.20543000602364403,4.1903977394104
344.0,74978167.0,8881.0,61.0,3.4075,3.384,0.2437732948078951,0.2677826636052095,4.205444097518921
345.0,52831015.0,48677.0,76.0,1.1045,1.1280000000000001,0.26865861444035544,0.242147677623176,4.147051095962524
346.0,13578333.0,15287.0,62.0,1.081,1.081,0.2200134438393507,0.19599634208175323,4.133288860321045
347.0,83921771.0,1138.0,61.0,3.478,3.055,0.2484954389041413,0.2774257126132016,4.239702939987183
348.0,79228479.0,16077.0,81.0,1.8095,1.8095,0.2244087928263153,0.23447652613390313,4.104758977890015
349.0,84475397.0,37400.0,81.0,2.5145,2.491,0.23505680956084085,0.26918505341672816,4.215826511383057
350.0,94661668.0,21809.0,57.0,2.7025,2.7025,0.2350345694540326,0.24379448340147952,4.107813835144043
351.0,87599194.0,19151.0,27.0,2.7495,2.773,0.2570139234237125,0.24382206694024136,4.096721172332764
352.0,60063306.0,28284.0,67.0,0.7285,0.7285,0.22039912483658836,0.22202115934141728,4.04553484916687
353.0,78694056.0,41759.0,3.0,2.773,2.726,0.23679114235511262,0.2949025280290004,4.087004899978638
354.0,49139092.0,41239.0,70.0,4.747,4.7705,0.26005173642706064,0.24499358031833493,4.092428922653198
355.0,30839780.0,3378.0,11.0,1.6685,1.6685,0.24541248152504003,0.24433550308504445,4.146631240844727
356.0,32383163.0,11728.0,83.0,5.076,5.0525,0.24534553160324124,0.27096576320192445,3.9204652309417725
357.0,11663486.0,40845.0,8.0,1.316,1.316,0.22218353810161842,0.2352824464330297,4.102906703948975
358.0,14070233.0,30.0,19.0,1.88,1.88,0.2292287908917876,0.2303957031752288,4.086566925048828
359.0,61058294.0,43265.0,56.0,1.2455,1.2455,0.2171432654667695,0.2108136408595877,4.138360023498535
360.0,73147061.0,32525.0,44.0,2.585,2.6085,0.252020188288578,0.24254626682915784,4.133406639099121
361.0,83590472.0,15409.0,26.0,0.799,0.799,0.18950362116470704,0.1790485027929805,4.101277589797974
362.0,90155633.0,26311.0,93.0,0.658,0.658,0.17050804962438845,0.15336115942652814,4.1483848094940186
363.0,21001173.0,40640.0,7.0,4.7235,4.7235,0.2421592190289935,0.24916682644782764,4.124058723449707
364.0,81120914.0,8313.0,66.0,4.7705,4.7705,0.24962512983024032,0.24056300381892318,4.143016576766968
365.0,33537631.0,48882.0,71.0,2.632,2.632,0.23840142211422538,0.2313712140528462,4.092414140701294
366.0,50763154.0,20342.0,81.0,5.17,5.17,0.2490829280689945,0.23612917825433535,4.139426946640015
367.0,14647971.0,38366.0,25.0,1.175,1.175,0.21662853568083326,0.19795019814738618,4.121005058288574
368.0,81846253.0,30441.0,50.0,0.8225,0.846,0.26730629212607987,0.2494923030452623,4.2515549659729
369.0,22898759.0,20880.0,6.0,1.1985,1.1985,0.23529938525803373,0.22698139758142546,4.064789772033691
370.0,75011937.0,4220.0,84.0,0.705,0.7285,0.26064082555698664,0.23775864254443535,4.080691814422607
371.0,37586816.0,16654.0,35.0,1.3395,1.3395,0.23148983494692055,0.23368272309344296,4.165268659591675
372.0,35947950.0,12595.0,19.0,3.055,2.961,0.24915533669400788,0.2961513361498824,3.9803688526153564
373.0,99967379.0,25557.0,63.0,2.5615,2.5615,0.24383649154111017,0.2371038515438127,4.170012474060059
374.0,38608900.0,40993.0,41.0,6.0865,6.0865,0.243878336373955,0.23518179103689568,4.07099986076355
375.0,98862300.0,48475.0,57.0,1.41,1.3865,0.2461166408148734,0.27833186895148465,4.111439228057861
376.0,46174499.0,12787.0,60.0,0.94,0.94,0.2036271898312509,0.23103820862645358,4.1427741050720215
377.0,73466546.0,49049.0,72.0,0.6345,0.6345,0.18492457942652935,0.20494651873790723,4.133359432220459
378.0,23715554.0,774.0,17.0,4.277,4.3005,0.2596233593064644,0.24837802269948578,4.096211910247803
379.0,72891195.0,43653.0,15.0,1.269,1.222,0.2479906003835359,0.30978982765465185,4.095973253250122
380.0,63608244.0,16911.0,5.0,1.6215,1.6685,0.27124035781434863,0.2450028642590794,4.249595642089844
381.0,96027347.0,8899.0,8.0,1.457,1.457,0.2130608654063355,0.233477805866321,4.113385438919067
382.0,39592966.0,16332.0,27.0,0.846,0.846,0.21470327415103208,0.20662757356610323,4.219466209411621
383.0,93114113.0,23242.0,40.0,1.1045,1.1045,0.20593483729279372,0.19092201315578017,4.198979139328003
384.0,88304742.0,24544.0,17.0,2.2325,2.2325,0.2497065765062422,0.2429944588152179,4.069622039794922
385.0,17134844.0,31189.0,60.0,0.987,0.9635,0.23266351760621806,0.26599547346282887,4.22635555267334
386.0,74119014.0,33955.0,33.0,1.222,1.222,0.22411392574301545,0.2242774680373355,4.134541988372803
387.0,45489707.0,39455.0,42.0,4.559,4.606,0.26544493270543223,0.24639140705848717,4.15628719329834
388.0,72224136.0,6488.0,37.0,1.363,1.363,0.21743738772977014,0.24362025081850258,4.121244668960571
389.0,21380367.0,13179.0,53.0,2.162,2.1385,0.24140232755068983,0.26710546770089943,4.257862329483032
390.0,73272238.0,30137.0,57.0,1.175,1.175,0.19905768409971572,0.2063407099820196,4.057172536849976
391.0,88236127.0,4719.0,22.0,0.94,0.94,0.22948678474457804,0.19617775857277645,4.152044057846069
392.0,21577991.0,6127.0,86.0,1.034,1.034,0.19022413374011105,0.1940332168141979,4.186444997787476
393.0,49975079.0,33506.0,34.0,2.3735,2.303,0.23280972652630288,0.29536687756388674,4.082598686218262
394.0,94690367.0,38833.0,27.0,0.6345,0.6345,0.1674226989161395,0.15456121119365063,4.205288887023926
395.0,91068799.0,23938.0,49.0,0.9635,0.9635,0.21692062275369323,0.22570155474918363,4.130014657974243
396.0,96700034.0,19560.0,71.0,2.2325,2.2560000000000002,0.2567619806189724,0.24612070066032254,4.039924144744873
397.0,67638083.0,2618.0,12.0,1.41,1.41,0.23864153978240193,0.2275482743804523,4.146627187728882
398.0,89779052.0,30352.0,65.0,0.7285,0.705,0.23825465431754872,0.26191659243501025,4.228853940963745
399.0,84355089.0,2114.0,44.0,2.35,2.35,0.24442109168981793,0.24220880130742045,4.217217206954956
400.0,88237717.0,12087.0,76.0,3.7835,3.7835,0.24156510207001103,0.2419072458165074,4.255700349807739
401.0,18265885.0,34484.0,32.0,2.773,2.773,0.23650599431887226,0.22825136343146707,4.131321668624878
402.0,78680533.0,5631.0,57.0,0.7755,0.7755,0.21511557660619696,0.22281926031829674,4.221929311752319
403.0,41346817.0,15375.0,55.0,1.2455,1.2455,0.2227934003221264,0.2477363869284497,4.170461177825928
404.0,56795068.0,41634.0,73.0,2.068,2.0445,0.2460848256166494,0.2649955017501405,4.190582513809204
405.0,77312284.0,8622.0,26.0,1.363,1.363,0.231635565696377,0.2225742229022251,4.178199291229248
406.0,9395399.0,13895.0,63.0,1.0105,1.0105,0.2357515743496853,0.22980290134581183,4.212039232254028
407.0,12435492.0,35891.0,43.0,0.6345,0.658,0.2578558509184288,0.21735852069465145,4.240056991577148
408.0,70926672.0,48911.0,46.0,2.961,2.961,0.2440496748421695,0.23951365194779536,4.170323610305786
409.0,59212149.0,23538.0,93.0,0.8225,0.8225,0.2053799923442941,0.19466345308880836,4.154488801956177
410.0,47498901.0,25677.0,8.0,1.1515,1.1515,0.2013476373220247,0.21447277737901,4.204901933670044
411.0,23805687.0,32363.0,81.0,1.645,1.6215,0.22964061309230716,0.2504340552788996,4.152803897857666
412.0,44675558.0,15362.0,82.0,2.538,2.585,0.28840294103997693,0.2497485934552387,4.294527292251587
413.0,74532509.0,13090.0,53.0,1.598,1.598,0.21508606223453564,0.23737608112043748,4.199172496795654
414.0,6366921.0,48540.0,76.0,0.705,0.705,0.20696064471419037,0.19145587397536853,4.224206209182739
415.0,88356041.0,6577.0,76.0,2.8435,2.8435,0.23143214877099186,0.2478963198282784,4.333049058914185
416.0,38221197.0,5281.0,61.0,2.6555,2.5615,0.24070027666973676,0.3227835988992745,4.251586198806763
417.0,32970752.0,6439.0,58.0,5.5225,5.452,0.24997836591222455,0.3107662122472129,4.247522592544556
418.0,28511007.0,33348.0,10.0,1.786,1.786,0.23808933689280182,0.24368765694866315,4.159905195236206
419.0,68289645.0,32787.0,25.0,3.431,3.431,0.24595590276640564,0.23568603601202914,4.031338453292847
420.0,47109654.0,8071.0,51.0,0.5405,0.5405,0.1654509873635564,0.16674684881498994,4.243456602096558
421.0,84693797.0,38552.0,68.0,1.3865,1.363,0.23713148216175928,0.264259144964747,4.170405149459839
422.0,61211166.0,39696.0,55.0,1.269,1.2455,0.24751852784193448,0.27412781519470625,4.073694944381714
423.0,60542069.0,31040.0,62.0,4.042,4.0655,0.25161418403392516,0.24529601568222814,4.263540983200073
424.0,30023125.0,26143.0,8.0,1.833,1.8095,0.22723706435140995,0.25196229410633847,4.1776251792907715
425.0,13969139.0,43478.0,66.0,4.1125,4.0655,0.2450634719158781,0.27293928720115546,4.262257814407349
426.0,89651985.0,36651.0,35.0,4.559,4.5825,0.2561165246751915,0.2470515509534169,4.1579906940460205
427.0,13850477.0,44982.0,58.0,0.799,0.799,0.22455129170753046,0.216250091176353,4.314650297164917
428.0,33162254.0,20519.0,55.0,1.3865,1.3865,0.19743678131781808,0.2214103988902154,4.169671297073364
429.0,16777425.0,1624.0,85.0,1.081,1.081,0.2208654826769044,0.2198724499183592,4.108595848083496
430.0,38727038.0,9058.0,56.0,3.3135,3.2665,0.24999486858867517,0.26533371832672664,4.200540065765381
431.0,56463598.0,5932.0,92.0,1.034,1.034,0.2207099862314525,0.20450063791930145,4.2051708698272705
432.0,65704777.0,32014.0,28.0,2.914,2.914,0.23342792159184725,0.24917545927269866,4.203158617019653
433.0,69688297.0,14551.0,56.0,0.8695,0.8695,0.21782948177028863,0.21971659642861716,4.163005828857422
434.0,12498591.0,17174.0,23.0,4.747,4.7,0.24874496943586671,0.26996681864934835,4.211649179458618
435.0,85794503.0,34862.0,12.0,1.1045,1.1045,0.22096583160756714,0.21887414264671418,4.149047136306763
436.0,52038067.0,13312.0,19.0,1.504,1.4805,0.23698478436313491,0.2508235693422203,4.180371522903442
437.0,28807531.0,33819.0,68.0,3.384,3.3605,0.23799290472177204,0.2624639009738979,4.240768909454346
438.0,64375510.0,28763.0,68.0,1.504,1.4805,0.24069093197711627,0.26634522678653194,4.185302972793579
439.0,24302879.0,27031.0,88.0,2.8905,2.914,0.2672707858192495,0.24962366846996922,4.230184078216553
440.0,39385237.0,38223.0,34.0,0.658,0.6345,0.2395989447662868,0.25674548653948887,4.218557119369507
441.0,49289852.0,38012.0,70.0,0.752,0.7755,0.25210615363347105,0.2438303230256975,4.344151258468628
442.0,51224277.0,46362.0,93.0,0.705,0.705,0.19375576912607004,0.17793222801692496,4.187024831771851
443.0,16774973.0,1194.0,17.0,0.987,0.9635,0.24854056563670718,0.28356887481623294,4.141633987426758
444.0,46109857.0,44703.0,68.0,0.752,0.752,0.17930115398337906,0.17906517105167022,4.143855571746826
445.0,94520665.0,6724.0,56.0,1.081,1.081,0.21777349526755463,0.21981403316353107,4.06242299079895
446.0,12462713.0,37825.0,51.0,5.1465,5.17,0.2677981345351932,0.24480183566527247,4.022906303405762
447.0,30139784.0,4180.0,41.0,1.457,1.457,0.2347233216994985,0.22928739895533465,4.179139137268066
448.0,63894572.0,29771.0,29.0,4.4885,4.465,0.24987492699518635,0.2589241359357242,4.246996879577637
449.0,95821675.0,8859.0,20.0,4.2065,4.1595,0.24767087128534634,0.2650852105283274,4.230969429016113
450.0,53632040.0,32547.0,77.0,1.363,1.363,0.23792402333039347,0.22174618287427234,4.180778741836548
451.0,11505196.0,30705.0,72.0,5.3815,5.3815,0.2398990951318563,0.22908879309634592,4.230751276016235
452.0,40599649.0,46451.0,83.0,1.4335,1.4335,0.2108407905999231,0.2075678362352034,4.184430122375488
453.0,75233281.0,46164.0,92.0,0.846,0.846,0.22299122262934834,0.19392724611917028,4.077502489089966
454.0,55825897.0,20479.0,87.0,1.316,1.316,0.22679572398482417,0.2228352442501324,4.231062889099121
455.0,69452907.0,11145.0,74.0,1.927,1.9505,0.2748718389136248,0.24021646544839492,4.070484161376953
456.0,19295789.0,16847.0,52.0,1.3865,1.3865,0.20083266836753794,0.21359051496619044,4.2980968952178955
457.0,83399148.0,40260.0,51.0,4.9115,4.9115,0.24568294331682844,0.24325432982406703,4.122493505477905
458.0,82757548.0,19116.0,99.0,0.7285,0.7285,0.2385166304177602,0.21524202105986998,4.167248964309692
459.0,45703857.0,12621.0,51.0,4.277,4.277,0.24454396942289328,0.24545859195094707,4.09648585319519
460.0,24254967.0,41437.0,70.0,4.653,4.6765,0.25225225787015193,0.24582134159394198,4.21549916267395
461.0,72615391.0,40171.0,81.0,1.1280000000000001,1.1280000000000001,0.2295705243910246,0.2282036078803338,4.254689693450928
462.0,51767501.0,24216.0,75.0,2.7965,2.773,0.24432495565503717,0.25608175010127393,4.224900484085083
463.0,69126327.0,44994.0,42.0,1.5745,1.551,0.24522355364384235,0.26020016667855445,4.174036026000977
464.0,78714974.0,2868.0,99.0,2.1855,2.162,0.23426337743341213,0.25545164137219745,4.167898654937744
465.0,5603485.0,29909.0,60.0,0.94,0.9165,0.24249329282714732,0.27408099968351335,4.153269052505493
466.0,54318767.0,35584.0,24.0,0.987,0.9635,0.23371801886336116,0.2650838629768556,4.287313938140869
467.0,2323950.0,26557.0,77.0,1.316,1.316,0.24571040769057872,0.23007105594568308,4.180483341217041
468.0,30800761.0,17279.0,90.0,2.585,2.5145,0.2441026840542077,0.3094200320663311,4.1969075202941895
469.0,61196701.0,37679.0,63.0,1.0575,1.0575,0.22228745494164512,0.21375409728951134,4.022015810012817
470.0,62620382.0,24018.0,17.0,1.1985,1.175,0.22019710953916788,0.2531966470619665,4.137755632400513
471.0,3432694.0,28866.0,22.0,2.162,2.1855,0.2626126903353507,0.2480990758881677,4.157557010650635
472.0,78930402.0,37420.0,28.0,3.4075,3.384,0.248542264130084,0.25416394198464026,4.119187116622925
473.0,86535419.0,31384.0,10.0,1.598,1.598,0.2361021667110968,0.23755723306478854,4.1056413650512695
474.0,46361746.0,21152.0,42.0,1.363,1.363,0.22711502225885363,0.24069197294234093,4.18996787071228
475.0,53783343.0,14464.0,52.0,1.551,1.551,0.22043714990656033,0.2243528937542049,4.2262351512908936
476.0,99000042.0,36036.0,46.0,0.705,0.705,0.17173976369907912,0.16386905683387118,4.142150402069092
477.0,54456209.0,10404.0,47.0,1.41,1.41,0.20349399415764757,0.199107281447848,4.126630783081055
478.0,76751326.0,49669.0,99.0,2.82,2.8435,0.2534816296035687,0.2479618658410377,4.216372489929199
479.0,50685269.0,11907.0,3.0,2.397,2.3735,0.23845279154101012,0.25264010773326123,4.181551218032837
480.0,26438858.0,14777.0,70.0,0.517,0.517,0.1797319921623737,0.18256290672755,4.253918886184692
481.0,2370896.0,3765.0,57.0,0.9635,0.9635,0.2223998739192139,0.23479554463422267,4.2235846519470215
482.0,86046976.0,18996.0,26.0,1.081,1.081,0.22967034938410646,0.2159437109997703,4.224600076675415
483.0,37242142.0,32027.0,57.0,1.504,1.4805,0.2497148151953773,0.2858769101892214,4.182376146316528
484.0,5656553.0,45441.0,95.0,1.0105,1.0105,0.20970101958663767,0.22274158889746548,4.204410791397095
485.0,50688687.0,1116.0,12.0,1.551,1.551,0.22729822412324788,0.21351449208387044,4.1127471923828125
486.0,90568142.0,34145.0,14.0,0.987,0.9635,0.24998793309471243,0.28074932486524895,4.086572647094727
487.0,61937686.0,3396.0,88.0,0.799,0.7755,0.2279876845467315,0.25337657484236537,4.136836051940918
488.0,79363962.0,15734.0,74.0,3.807,3.807,0.24764147600708045,0.2389939799453411,4.156567096710205
489.0,94031267.0,44710.0,84.0,1.316,1.2925,0.24400933861319368,0.2748551974271016,4.144158363342285
490.0,50593273.0,2919.0,69.0,4.136,4.1595,0.25872026479528243,0.2431497134874322,4.163936614990234
491.0,71302014.0,7847.0,98.0,1.363,1.363,0.2099698796890554,0.234272095827921,4.187981605529785
492.0,4929763.0,7039.0,30.0,3.666,3.713,0.28708841222170844,0.24517420428189862,4.118078947067261
493.0,83608819.0,4901.0,55.0,0.5875,0.5875,0.17610328755149182,0.18460680300656368,4.249726295471191
494.0,20713436.0,48524.0,50.0,2.1385,2.162,0.256760946948339,0.24682050170205228,4.229708194732666
495.0,60942260.0,9895.0,3.0,0.9165,0.9165,0.22478751620940937,0.22183121738489714,4.174196004867554
496.0,47137504.0,7426.0,38.0,2.3735,2.3735,0.22259720115812243,0.236284985132165,3.9987471103668213
497.0,12865957.0,4530.0,69.0,1.1515,1.1515,0.23278699994705834,0.24368277938435076,4.196969270706177
498.0,74351930.0,30359.0,94.0,1.1280000000000001,1.1280000000000001,0.24804630793719223,0.2479774976980722,4.116728782653809
499.0,71366089.0,37131.0,36.0,1.1515,1.1515,0.23741849118637254,0.22291128171143093,4.231871128082275
